No,지역,중지역,최종지역,지역통합,2020년 1월,2020년 2월,2020년 3월,2020년 4월,2020년 5월,2020년 6월,2020년 7월,2020년 8월,2020년 9월,2020년 10월,2020년 11월,2020년 12월,2021년 1월,2021년 2월,2021년 3월,2021년 4월,2021년 5월,2021년 6월,2021년 7월,2021년 8월,2021년 9월,2021년 10월,2021년 11월,2021년 12월,2022년 1월,2022년 2월,2022년 3월,2022년 4월,2022년 5월,2022년 6월,2022년 7월,2022년 8월,2022년 9월,2022년 10월,2022년 11월,2022년 12월,2023년 1월,2023년 2월,2023년 3월,2023년 4월,2023년 5월,2023년 6월,2023년 7월,2023년 8월,2023년 9월,2023년 10월,2023년 11월,2023년 12월,2024년 1월,2024년 2월,2024년 3월,2024년 4월,2024년 5월,2024년 6월,2024년 7월,2024년 8월,2024년 9월,2024년 10월,2024년 11월,2024년 12월,2025년 1월,2025년 2월,2025년 3월,2025년 4월,2025년 5월,2025년 6월,2025년 7월,2025년 8월
1,전국,전국,전국,전국,"75,986","87,642","79,615","48,972","57,426","102,482","102,628","59,429","58,037","66,174","89,660","106,027","64,371","60,057","69,827","59,232","61,666","57,861","59,386","61,170","55,191","48,796","41,141","30,484","24,465","26,232","32,487","35,679","37,124","28,147","21,836","19,516","18,028","18,570","18,275","18,222","17,841","31,337","38,926","34,965","40,746","39,622","36,260","39,277","37,629","35,454","32,821","26,934","32,111","33,333","40,233","44,119","43,278","43,300","54,732","47,916","39,362","42,914","36,399","34,355","29,784","39,925","53,460","50,693","48,783","58,892","49,940","34,868"
2,서울,서울,서울,서울,"10,491","9,522","9,152","3,699","4,328","11,106","16,002","6,880","4,795","4,320","4,725","8,764","5,945","5,435","4,495","4,194","5,090","4,240","4,646","5,054","3,874","2,839","2,305","1,634","1,281","1,404","1,236","1,624","2,372","2,014","1,028",907,856,900,761,"1,001","1,161","2,286","3,234","2,981","3,711","4,136","3,804","4,091","3,845","2,983","2,417","1,790","2,456","2,665","3,482","4,840","5,182","6,150","9,518","7,609","4,951","4,000","3,773","3,656","3,233","4,743","9,349","8,029","7,221","10,814","8,485","4,154"
3,서울,종로구,종로구,서울 종로구,95,74,73,41,50,91,123,59,48,45,85,86,50,53,56,89,45,31,45,48,33,43,33,25,25,15,22,25,29,18,11,16,14,8,5,14,7,17,31,22,34,32,32,36,46,37,32,20,24,22,37,42,60,55,82,46,38,39,48,27,23,44,68,80,45,88,70,45
4,서울,중구,중구,서울 중구,167,110,105,40,50,125,174,81,73,66,75,98,77,112,58,49,80,49,56,54,54,33,19,20,20,13,20,29,39,26,6,8,14,11,15,8,14,32,31,41,62,64,65,63,66,43,61,33,42,47,57,69,84,70,150,104,65,65,54,67,69,96,151,139,104,180,126,56
5,서울,용산구,용산구,서울 용산구,249,146,107,38,88,236,238,145,115,106,161,191,121,109,117,392,139,95,93,92,73,58,35,35,15,15,23,44,74,34,19,19,19,12,8,21,11,28,30,46,52,60,66,59,64,69,64,39,35,51,60,96,84,134,162,176,87,92,73,78,68,88,247,175,83,115,187,155
6,서울,성동구,성동구,서울 성동구,431,375,294,112,100,355,682,274,203,121,181,328,202,193,133,138,169,125,165,167,166,98,79,48,28,35,30,47,82,55,28,20,27,21,15,20,31,79,120,109,165,168,189,202,182,133,105,76,110,114,188,253,260,389,463,386,233,150,149,174,161,280,579,459,407,808,423,137
7,서울,광진구,광진구,서울 광진구,141,134,93,56,60,140,267,128,93,75,75,140,103,98,74,70,64,65,69,91,70,47,45,25,20,16,25,33,52,27,15,15,16,9,10,53,27,45,50,53,66,84,64,66,89,61,48,39,67,68,75,112,88,234,247,174,111,83,80,77,93,104,244,210,186,321,219,70
8,서울,동대문구,동대문구,서울 동대문구,439,394,388,139,173,372,610,259,190,177,165,321,310,208,144,147,153,158,197,177,125,125,93,56,37,51,68,64,103,48,50,40,40,25,37,32,58,105,128,147,151,196,169,146,159,107,112,69,106,109,150,212,238,232,403,305,198,152,201,162,155,211,373,396,432,557,362,183
9,서울,중랑구,중랑구,서울 중랑구,297,315,418,170,209,345,467,229,144,152,95,238,170,156,200,167,152,182,209,173,130,104,71,52,48,40,44,52,179,54,29,26,34,27,21,21,26,61,66,71,99,143,107,75,87,93,75,52,74,68,110,145,148,156,220,204,143,142,93,84,78,116,173,167,156,273,205,314
10,서울,성북구,성북구,서울 성북구,679,595,522,186,228,554,915,338,187,172,203,349,272,287,282,188,263,196,283,350,264,155,106,78,41,40,45,67,93,396,41,19,41,233,45,53,134,153,157,161,217,179,192,203,192,168,127,130,139,156,177,256,280,297,535,403,263,226,180,146,142,247,389,336,419,569,418,300
11,서울,강북구,강북구,서울 강북구,370,350,265,112,126,273,367,107,87,135,80,159,135,106,132,68,118,94,154,118,85,40,28,16,18,19,14,20,39,19,17,19,9,20,8,80,21,35,71,51,67,125,71,170,76,40,92,30,50,38,79,57,82,88,144,106,86,77,53,49,52,84,95,106,112,160,120,73
12,서울,도봉구,도봉구,서울 도봉구,475,487,653,230,243,659,876,314,200,183,195,396,285,279,202,164,236,203,199,183,126,94,78,46,26,29,32,67,66,41,32,34,26,29,21,36,38,99,104,87,118,105,105,120,129,90,77,56,87,81,131,136,145,148,204,204,153,123,106,98,68,115,163,176,145,218,244,136
13,서울,노원구,노원구,서울 노원구,"1,069","1,150","1,288",474,439,"1,374","1,530",537,394,403,362,829,632,568,376,377,512,444,442,373,301,194,128,87,55,64,96,161,147,87,73,41,45,42,43,62,95,176,206,180,264,270,268,320,288,231,207,142,179,202,263,350,330,380,665,589,396,297,306,256,191,314,537,467,499,743,587,331
14,서울,은평구,은평구,서울 은평구,387,414,387,179,200,419,666,292,177,175,157,268,234,179,149,127,180,166,182,189,161,112,185,79,84,50,61,55,92,61,50,39,42,38,25,45,47,81,357,138,147,142,140,169,149,107,96,65,81,98,154,221,214,325,303,282,181,141,126,162,102,149,242,220,227,359,308,176
15,서울,서대문구,서대문구,서울 서대문구,396,339,277,105,144,385,517,245,186,177,197,310,181,164,138,183,159,159,138,174,145,119,61,54,27,28,42,48,80,49,26,22,19,31,17,21,36,166,114,114,120,150,124,172,172,108,75,56,84,97,110,185,184,248,420,280,181,151,131,206,212,145,317,272,272,519,292,116
16,서울,마포구,마포구,서울 마포구,403,303,238,73,101,301,638,272,184,183,206,325,201,218,137,117,186,136,145,169,153,113,70,57,69,46,45,69,93,59,38,23,21,22,17,38,100,83,122,122,176,181,183,188,163,106,84,68,101,113,157,263,260,306,466,376,203,168,159,130,146,227,550,423,402,661,359,139
17,서울,양천구,양천구,서울 양천구,500,402,350,306,173,497,639,350,215,160,188,353,285,273,187,175,228,174,185,171,147,100,81,55,51,32,31,61,86,51,31,26,31,16,24,30,35,105,122,144,147,165,161,198,188,132,129,89,100,136,157,154,213,234,395,406,270,182,157,165,103,173,425,371,339,556,335,94
18,서울,강서구,강서구,서울 강서구,585,672,514,210,241,694,"1,297",594,387,319,288,513,406,324,263,221,311,338,366,354,252,143,125,79,95,54,69,80,100,68,52,34,41,27,43,39,55,106,164,168,171,222,170,209,184,156,138,105,126,154,151,248,272,288,431,394,249,195,170,160,168,219,389,384,445,580,445,220
19,서울,구로구,구로구,서울 구로구,570,650,572,227,308,684,844,326,273,231,343,488,300,295,290,223,270,382,244,271,201,145,109,90,146,64,69,94,120,77,61,38,44,39,37,30,41,71,123,140,160,151,149,152,151,145,105,85,121,125,171,233,229,217,307,283,168,181,151,116,134,168,346,284,482,628,324,179
20,서울,금천구,금천구,서울 금천구,166,163,282,82,85,176,289,118,105,59,77,279,98,119,122,100,108,90,89,281,91,70,58,24,19,18,27,42,52,29,25,24,18,12,145,16,13,22,60,41,53,63,62,62,57,50,42,31,44,50,56,60,67,63,123,90,73,47,42,52,36,64,84,71,67,121,89,61
21,서울,영등포구,영등포구,서울 영등포구,465,441,535,132,184,416,621,282,191,218,184,388,254,245,181,167,220,147,157,207,189,107,133,71,51,44,61,74,108,52,48,44,42,84,32,80,37,98,182,192,189,197,293,184,194,152,119,72,122,125,167,271,322,299,484,438,257,237,179,191,166,255,536,419,458,634,499,209
22,서울,동작구,동작구,서울 동작구,335,320,281,88,90,342,641,315,187,166,174,285,237,182,131,117,170,140,161,253,140,93,73,51,40,39,44,59,89,192,21,19,34,22,17,20,31,59,114,109,128,132,147,156,155,104,86,63,131,127,139,222,205,243,469,325,191,167,153,152,164,212,517,451,418,623,365,156
23,서울,관악구,관악구,서울 관악구,371,312,322,170,142,405,458,171,117,147,120,252,182,167,155,117,160,121,140,173,139,126,80,44,46,46,54,54,82,60,31,20,21,21,14,13,22,39,77,88,95,288,99,121,116,93,62,55,70,78,113,140,123,175,260,176,118,127,92,89,75,142,223,207,217,303,202,118
24,서울,서초구,서초구,서울 서초구,331,235,205,96,181,369,603,365,261,224,271,518,308,274,258,201,344,197,223,220,167,122,122,91,72,50,111,116,177,274,63,49,37,32,43,45,31,83,136,131,178,175,195,198,199,137,109,72,85,100,153,241,266,359,555,378,219,244,292,203,257,252,470,439,399,178,342,222
25,서울,강남구,강남구,서울 강남구,409,279,246,141,271,524,673,315,235,206,358,629,335,327,273,236,347,201,313,380,269,314,289,318,136,484,97,120,168,131,179,239,151,50,37,94,70,128,205,186,260,293,270,291,236,251,134,119,151,182,192,269,346,328,610,532,373,285,289,256,197,331,906,502,246,389,604,193
26,서울,송파구,송파구,서울 송파구,581,397,343,147,237,741,"1,033",393,274,229,260,595,317,245,220,172,292,182,216,218,217,166,87,64,57,62,60,79,116,57,53,34,45,40,46,78,98,233,265,242,338,295,291,277,290,208,135,135,184,170,246,352,403,441,705,588,415,251,289,285,224,389,724,837,271,367,849,232
27,서울,강동구,강동구,서울 강동구,580,465,394,145,205,629,834,371,269,191,225,426,250,254,217,189,184,165,175,168,176,118,117,69,55,50,46,64,106,49,29,39,25,29,36,52,83,182,199,198,254,256,192,254,213,162,103,89,143,154,189,253,279,441,715,364,280,178,200,271,149,318,601,438,390,864,511,239
28,부산,부산,부산,부산,"5,349","4,745","4,289","3,397","3,885","6,932","9,455","4,473","5,596","7,762","15,964","9,006","3,136","3,098","4,199","4,217","5,009","4,459","4,324","4,161","3,782","4,001","2,475","1,948","1,470","1,480","1,923","2,268","2,529","1,831","1,477","1,271","1,139","1,409","1,177","1,231","1,245","2,030","2,768","2,411","2,579","2,355","2,251","2,547","2,400","2,384","2,377","1,684","1,968","2,003","2,412","2,561","2,576","2,369","3,159","2,711","2,280","3,019","2,363","2,344","1,751","2,186","2,862","2,713","2,731","3,194","3,344","2,509"
29,부산,중구,중구,부산 중구,25,27,23,34,22,34,38,20,49,37,47,62,35,48,41,64,68,48,36,31,15,28,27,26,25,18,14,25,26,29,14,25,9,10,11,7,13,10,19,15,11,16,5,11,13,8,13,8,10,6,10,8,20,11,5,13,9,9,20,5,7,11,16,14,8,12,15,8
30,부산,서구,서구,부산 서구,73,69,71,75,58,83,113,75,75,74,220,173,82,61,108,99,110,91,147,106,70,90,52,53,27,36,61,46,60,52,50,91,42,43,28,38,36,63,66,55,58,64,54,74,59,45,51,68,73,70,58,74,65,67,83,56,60,103,90,89,41,63,87,63,68,70,65,66
31,부산,동구,동구,부산 동구,67,84,106,63,79,135,146,58,90,180,265,216,87,92,78,88,79,47,56,50,64,53,47,40,30,27,55,45,54,50,33,33,25,39,18,29,21,23,51,61,55,44,50,49,47,33,41,30,32,28,37,40,64,50,39,55,32,51,50,43,42,45,60,63,46,69,70,73
32,부산,영도구,영도구,부산 영도구,83,108,118,105,108,110,149,108,126,175,352,410,111,120,200,265,308,134,127,130,85,144,124,84,51,68,83,171,132,86,70,53,33,51,30,33,21,48,59,66,63,60,48,72,57,63,55,34,42,49,57,60,66,52,58,62,42,53,55,45,39,43,63,61,62,61,148,68
33,부산,부산진구,부산진구,부산 부산진구,600,536,486,416,463,810,"1,081",428,519,"1,037","1,761","1,308",327,354,425,450,469,392,321,311,351,285,262,217,152,162,195,246,323,190,170,124,147,167,154,152,143,213,268,291,283,247,259,338,311,412,322,218,228,240,266,332,325,324,437,321,291,427,283,315,200,298,358,298,337,389,385,274
34,부산,동래구,동래구,부산 동래구,508,446,375,257,391,654,960,463,611,731,"1,273",388,179,196,278,249,350,295,322,273,271,184,165,115,78,134,136,134,137,97,87,72,84,80,75,81,52,154,201,235,216,192,185,226,188,176,183,133,173,156,210,238,243,225,325,307,245,281,210,181,188,194,267,294,266,310,342,256
35,부산,남구,남구,부산 남구,618,461,464,284,363,718,795,369,433,739,"1,285",443,235,256,294,302,401,336,352,293,221,234,160,137,110,89,129,150,155,147,90,93,77,153,114,122,90,217,213,166,218,209,179,209,193,195,174,137,134,167,195,213,208,163,233,197,201,205,198,189,126,161,214,235,205,256,297,219
36,부산,북구,북구,부산 북구,408,445,352,258,327,584,686,305,417,469,"1,414",917,261,257,373,401,435,426,462,575,439,353,241,195,124,135,206,204,225,184,140,104,113,127,94,97,90,177,270,228,254,221,170,199,217,243,214,150,211,173,231,229,255,221,278,228,200,278,216,179,152,184,269,222,235,261,287,207
37,부산,해운대구,해운대구,부산 해운대구,945,673,587,447,547,"1,247","2,011",790,"1,055","1,467","2,984",660,333,367,497,519,778,583,486,432,400,253,190,149,108,90,146,170,240,165,102,85,92,127,111,111,107,222,322,297,322,309,293,307,267,243,272,189,199,207,272,269,263,253,368,348,280,331,267,197,150,245,300,283,323,403,450,358
38,부산,사하구,사하구,부산 사하구,366,393,352,313,372,537,587,362,417,573,"1,237","1,345",348,359,493,526,549,674,627,441,398,337,273,225,216,203,205,299,350,203,203,182,152,182,128,138,115,198,214,189,229,198,201,207,211,206,227,154,195,156,189,249,213,186,204,184,174,206,170,180,182,227,277,223,219,242,222,164
39,부산,금정구,금정구,부산 금정구,345,287,319,377,234,334,473,289,389,515,"1,029",543,173,161,256,226,242,212,205,229,225,198,133,96,79,90,109,136,186,117,91,66,54,73,58,70,53,93,83,102,158,97,118,128,126,128,117,100,98,118,98,139,104,131,117,127,128,139,124,189,100,125,150,164,140,147,154,130
40,부산,강서구,강서구,부산 강서구,185,154,100,84,113,372,400,195,249,274,963,417,94,95,130,99,150,147,147,246,186,94,85,64,64,84,86,106,101,83,66,47,47,73,84,82,86,138,426,210,142,138,129,117,131,128,99,69,100,87,181,104,128,121,143,153,114,257,113,152,111,120,135,125,156,166,131,143
41,부산,연제구,연제구,부산 연제구,366,364,295,206,218,405,768,311,402,505,"1,038",312,184,176,258,225,278,260,220,252,214,158,119,92,124,75,95,109,126,85,64,65,58,61,63,92,75,145,186,159,162,161,190,219,227,155,241,117,152,211,175,189,187,191,194,185,155,206,146,162,144,122,191,222,205,223,281,198
42,부산,수영구,수영구,부산 수영구,386,303,278,156,160,436,594,287,305,448,679,238,95,95,128,122,170,170,180,158,146,103,77,73,54,39,71,97,83,62,58,45,43,53,35,36,202,94,102,95,140,133,114,109,104,96,96,59,72,78,169,128,102,113,165,175,116,129,161,167,86,119,170,176,174,191,192,136
43,부산,사상구,사상구,부산 사상구,175,226,200,172,168,245,325,219,201,259,620,961,231,201,320,291,310,281,313,250,211,207,221,179,109,92,168,169,194,159,154,103,97,117,106,76,64,110,142,102,116,129,130,137,113,123,140,110,115,123,113,135,174,121,350,154,118,187,139,129,77,99,180,140,148,248,137,114
44,부산,기장군,기장군,부산 기장군,199,169,163,150,262,228,329,194,258,279,797,613,361,260,320,291,312,363,323,384,486,"1,280",299,203,119,138,164,161,137,122,85,83,66,53,68,67,77,125,146,140,152,137,126,145,136,130,132,108,134,134,151,154,159,140,160,146,115,157,121,122,106,130,125,130,139,146,168,95
45,대구,대구,대구,대구,"3,855","4,038","3,473","2,053","2,868","4,037","5,850","3,669","4,209","4,581","6,403","6,359","2,099","2,104","2,170","1,918","1,939","2,117","1,750","1,628","1,415","1,416","1,542","1,133",795,861,"1,075",987,"1,191",834,893,951,879,818,777,984,874,"1,525","1,970","2,052","2,058","2,264","2,041","2,159","2,236","2,083","1,889","1,486","1,767","1,823","2,208","2,305","2,214","1,995","2,387","2,154","2,018","2,298","1,959","1,899","1,469","1,909","2,203","2,204","2,065","2,405","2,266","1,816"
46,대구,중구,중구,대구 중구,125,155,88,72,73,136,186,108,146,167,334,146,41,53,42,30,38,28,41,33,28,31,35,26,19,18,30,22,108,22,37,31,39,30,28,42,65,100,114,110,101,117,94,100,98,106,84,56,92,110,117,121,134,110,143,154,107,125,110,107,93,131,143,164,147,175,131,127
47,대구,동구,동구,대구 동구,485,597,383,286,318,466,556,533,563,573,930,927,303,389,468,362,369,309,252,214,145,149,185,142,120,132,167,155,170,106,146,150,128,103,97,132,119,186,280,233,263,404,292,306,338,282,277,201,274,243,313,342,390,250,371,314,282,421,379,254,230,252,322,320,332,324,342,278
48,대구,서구,서구,대구 서구,143,150,101,90,101,179,191,104,106,89,139,169,64,55,35,37,38,44,38,37,30,33,33,15,16,25,21,22,27,15,24,15,19,12,17,16,12,32,40,41,88,43,109,37,52,52,76,34,56,51,53,57,68,62,58,68,50,58,47,147,38,60,65,71,64,75,78,60
49,대구,남구,남구,대구 남구,96,102,91,70,72,145,169,108,117,95,174,195,48,45,67,60,86,45,38,22,37,34,27,32,20,22,25,22,23,26,30,25,19,14,14,10,18,31,42,51,53,53,50,63,71,64,50,44,43,43,47,67,66,61,73,58,55,67,58,65,65,57,56,69,65,85,69,48
50,대구,북구,북구,대구 북구,637,858,593,396,553,739,808,595,704,701,"1,322","1,590",483,547,571,498,495,492,571,557,388,430,405,340,212,194,249,258,271,204,198,211,235,189,178,270,229,292,349,400,381,402,327,444,411,412,346,283,333,376,481,448,396,373,430,341,378,401,362,388,293,388,422,427,368,412,401,338
51,대구,수성구,수성구,대구 수성구,753,628,430,286,449,704,"1,207",740,929,"1,239","1,019",790,315,271,287,227,248,168,160,150,159,144,241,146,78,78,91,91,115,82,61,75,97,99,110,116,121,220,305,329,348,366,372,333,379,327,322,221,277,249,338,341,418,405,454,402,411,397,293,318,213,251,338,357,362,447,464,333
52,대구,달서구,달서구,대구 달서구,"1,172","1,130",716,609,953,"1,242","1,755",964,"1,154","1,242","1,625","1,380",342,339,342,403,398,359,356,300,375,321,397,193,160,191,242,194,237,172,201,257,210,200,179,239,201,394,487,425,480,534,499,484,573,522,420,360,422,443,559,583,467,477,514,538,461,549,443,419,345,487,576,518,492,614,504,436
53,대구,달성군,달성군,대구 달성군,444,418,"1,071",244,349,426,978,517,490,475,860,"1,162",503,405,358,301,267,672,294,315,253,274,219,239,170,201,250,223,240,207,196,187,132,171,154,159,109,270,353,463,344,345,298,392,314,317,312,286,270,308,300,346,274,256,343,279,274,280,264,200,192,283,281,276,235,272,277,196
54,인천,인천,인천,인천,"5,066","7,516","9,118","4,928","4,738","8,545","4,753","3,009","2,518","3,358","3,192","5,381","4,528","4,926","6,475","5,262","4,866","3,953","3,514","3,530","3,184","3,070","1,762","1,527",963,940,"1,296","1,567","1,769","1,393","1,041",901,974,944,976,"1,192","1,078","2,095","2,678","2,308","2,707","2,632","2,275","2,438","2,343","2,132","1,795","1,450","1,898","2,060","2,598","2,994","2,957","3,055","3,671","3,139","2,463","2,509","1,993","1,834","1,549","2,220","3,194","3,078","2,895","3,564","2,578","1,934"
55,인천,중구,중구,인천 중구,246,409,509,271,254,504,235,147,152,139,173,243,213,208,422,328,261,186,219,275,285,252,153,85,67,56,69,102,102,67,55,81,57,56,76,76,72,102,172,150,170,201,159,147,125,131,125,86,96,127,153,167,130,122,210,173,168,162,111,107,94,130,168,151,148,165,117,79
56,인천,동구,동구,인천 동구,54,91,181,115,110,148,140,86,66,98,87,118,75,122,194,175,148,159,135,96,86,56,57,48,25,31,60,61,67,41,31,31,41,26,31,22,25,42,47,68,66,53,40,53,64,67,48,33,50,51,61,90,65,65,69,82,51,55,41,41,31,49,72,67,55,52,65,59
57,인천,미추홀구,미추홀구,인천 미추홀구,454,734,834,487,459,842,526,411,307,380,307,430,372,420,663,666,519,450,415,383,356,298,231,165,140,154,209,261,275,240,182,127,145,116,107,215,100,151,219,208,267,231,206,246,197,177,182,164,201,185,262,328,322,349,356,315,270,315,228,190,157,256,379,421,440,540,285,219
58,인천,연수구,연수구,인천 연수구,892,"1,609","1,883","1,099",875,"1,935",625,468,358,514,478,"1,184",935,888,903,638,683,431,443,573,523,822,143,119,69,70,113,163,168,104,72,104,107,123,167,190,202,513,542,452,491,484,436,397,417,337,239,195,310,309,446,476,478,478,651,567,402,333,317,264,235,330,500,472,447,723,449,298
59,인천,남동구,남동구,인천 남동구,848,"1,589","1,886",925,826,"1,424","1,039",576,455,597,566,827,982,"1,113","1,196",888,788,981,541,537,399,335,262,394,205,179,229,232,340,242,153,142,191,215,168,201,179,403,439,384,464,424,327,364,355,317,309,236,288,308,402,444,530,545,619,512,424,399,339,306,271,440,665,468,400,479,344,250
60,인천,부평구,부평구,인천 부평구,926,"1,105","1,698",830,827,"1,348",835,420,391,488,438,856,751,825,"1,225",976,903,539,494,454,441,337,242,220,156,136,219,249,305,228,182,134,152,152,131,189,168,261,400,372,368,433,350,400,362,333,298,243,328,344,430,487,462,438,597,454,364,409,341,291,228,343,457,544,509,523,421,411
61,인천,계양구,계양구,인천 계양구,453,499,603,430,498,795,554,347,310,491,486,659,464,605,914,765,742,495,504,413,282,251,214,174,109,115,145,174,184,153,99,73,87,68,66,60,78,135,194,130,234,216,188,211,204,226,176,142,177,261,277,303,327,288,332,344,241,260,184,155,132,207,278,301,293,301,269,171
62,인천,서구,서구,인천 서구,"1,179","1,464","1,513",768,868,"1,534",783,532,472,639,643,"1,039",718,729,932,810,807,694,755,788,806,697,450,303,186,192,241,314,316,310,261,205,186,180,224,235,246,477,659,537,634,584,560,616,612,537,412,344,442,470,559,693,636,764,834,685,533,560,402,473,387,458,659,633,587,767,609,432
63,인천,강화군,강화군,인천 강화군,14,16,11,3,21,15,16,22,7,12,14,25,18,16,26,16,15,17,8,11,6,22,10,19,6,7,11,11,12,8,6,4,8,8,6,4,8,11,6,7,13,6,9,4,7,7,6,7,6,5,8,6,7,6,3,7,10,16,30,7,14,7,16,21,16,14,19,15
64,광주,광주,광주,광주,"2,335","2,474","2,267","1,665","1,666","2,405","2,804","1,949","2,297","2,605","4,946","4,467","2,024","1,780","2,742","2,313","2,785","2,367","2,605","2,605","2,534","2,312","1,851","1,602","1,610","1,405","1,600","1,881","1,974","1,379","1,026",705,739,727,718,673,852,"1,000","1,942","1,251","1,512","1,483","1,377","1,391","1,335","1,233","1,169",989,"1,157","1,263","1,475","1,515","1,570","1,299","1,543","1,262","1,236","1,730","1,419","1,271","1,107","1,467","1,936","1,544","1,382","1,583","1,403","1,123"
65,광주,동구,동구,광주 동구,207,122,108,75,59,162,132,104,111,137,200,187,83,87,104,99,99,91,82,85,100,102,87,162,100,76,57,308,144,79,42,36,62,45,37,39,45,86,91,168,130,177,148,106,118,123,81,62,78,85,143,106,114,98,120,103,108,181,108,82,75,97,140,111,98,153,121,83
66,광주,서구,서구,광주 서구,483,593,496,370,345,445,629,387,467,541,804,964,408,363,539,498,534,465,470,506,462,458,333,255,202,230,249,358,318,287,177,107,134,116,103,116,108,208,234,218,316,282,284,308,267,267,233,190,246,231,237,287,304,240,290,222,217,275,240,234,187,283,307,299,231,293,254,236
67,광주,남구,남구,광주 남구,308,380,299,232,224,345,462,266,288,429,847,796,260,224,443,303,329,263,312,312,403,372,254,253,181,290,340,251,280,195,140,89,86,103,94,71,71,128,139,155,167,165,163,147,141,147,167,103,109,135,198,167,179,180,164,165,152,213,189,168,169,205,207,227,177,209,188,158
68,광주,북구,북구,광주 북구,682,718,703,531,548,764,810,606,714,741,"1,125","1,278",658,624,885,744,778,888,"1,052",970,879,785,676,569,398,419,515,519,741,447,426,285,250,256,290,174,205,281,385,366,484,473,397,438,423,390,357,368,392,432,478,471,509,402,473,427,350,583,439,415,336,518,572,514,450,504,429,333
69,광주,광산구,광산구,광주 광산구,655,661,661,457,490,689,771,586,717,757,"1,970","1,242",615,482,771,669,"1,045",660,689,732,690,595,501,363,729,390,439,445,491,371,241,188,207,207,194,273,423,297,"1,093",344,415,386,385,392,386,306,331,266,332,380,419,484,464,379,496,345,409,478,443,372,340,364,710,393,426,424,411,313
70,대전,대전,대전,대전,"3,089","3,291","2,899","2,126","2,204","5,036","2,005","1,825","1,538","1,831","1,603","2,701","1,954","1,696","1,991","1,758","1,761","1,411","1,306","1,268","1,346","1,231","1,099",905,597,628,699,778,805,659,617,580,531,587,512,550,517,928,"1,143","1,149","1,215","1,240","1,079","1,273","1,271","1,206","1,269",933,"1,095","1,041","1,250","1,370","1,194","1,197","1,352","1,189","1,319","1,498","1,189","1,115",859,"1,242","1,362","1,438","1,477","1,480","1,325","1,043"
71,대전,동구,동구,대전 동구,329,412,449,346,349,570,239,191,186,214,216,328,263,198,233,252,266,205,184,171,204,175,153,100,78,76,124,117,134,123,90,73,70,81,73,80,77,119,177,150,159,134,146,153,123,179,139,144,136,161,224,230,184,238,196,152,159,189,201,170,129,198,216,186,198,207,155,146
72,대전,중구,중구,대전 중구,413,405,381,282,313,571,244,299,178,209,197,338,277,241,292,279,291,207,196,157,187,197,147,143,63,79,101,108,104,92,79,110,81,80,71,59,55,105,132,153,121,133,116,153,163,140,146,103,149,128,170,300,160,121,162,132,125,170,121,135,101,228,167,214,192,172,179,120
73,대전,서구,서구,대전 서구,"1,236","1,143",910,677,585,"1,516",719,536,568,609,536,949,647,589,658,552,534,471,416,395,390,422,397,329,223,241,218,266,237,192,169,195,184,233,160,170,192,339,376,397,399,437,389,434,454,424,441,327,383,335,388,381,374,371,447,372,414,479,409,401,308,388,462,517,507,525,470,387
74,대전,유성구,유성구,대전 유성구,795,942,765,508,583,"1,834",546,577,425,548,448,801,568,472,521,425,414,343,341,388,403,286,244,227,163,174,170,188,230,165,217,146,129,118,151,184,155,286,346,336,403,404,307,408,401,345,408,248,308,294,316,321,325,335,411,392,466,480,328,301,224,300,347,380,441,441,383,286
75,대전,대덕구,대덕구,대전 대덕구,316,389,394,313,374,545,257,222,181,251,206,285,199,196,287,250,256,185,169,157,162,151,158,106,70,58,86,99,100,87,62,56,67,75,57,57,38,79,112,113,133,132,121,125,130,118,135,111,119,123,152,138,151,132,136,141,155,180,130,108,97,128,170,141,139,135,138,104
76,울산,울산,울산,울산,"1,900","2,034","1,391",974,"1,342","2,322","2,733","1,356","1,647","2,085","4,184","3,534","1,258","1,193","1,357","1,155","1,374","1,652","2,100","1,731","1,529","1,557","1,235",908,792,861,893,"1,146","1,268",895,650,582,563,573,575,457,535,912,"1,067",931,"1,240","1,109","1,141","1,120","1,126","1,089",927,760,"1,053",951,"1,239","1,213","1,234","1,179","1,168","1,253","1,084","1,224","1,145","1,016",939,"1,274","1,645","1,605","1,477","1,603","1,442","1,156"
77,울산,중구,중구,울산 중구,363,471,283,182,251,461,484,232,287,392,770,587,182,158,180,169,186,194,222,229,203,222,229,140,114,175,134,147,199,107,86,135,106,78,98,53,80,159,186,151,233,201,197,168,177,174,162,104,180,181,172,195,196,181,178,206,171,192,175,183,182,220,251,232,266,248,214,191
78,울산,남구,남구,울산 남구,733,710,468,321,433,"1,043","1,148",444,602,762,"1,598","1,146",261,318,322,287,398,412,723,471,368,360,298,176,160,184,180,261,339,218,137,110,122,143,179,152,161,312,367,286,323,365,340,327,393,390,250,211,279,279,370,320,400,394,345,415,343,420,329,262,267,341,514,587,452,549,551,355
79,울산,동구,동구,울산 동구,151,165,141,105,114,185,209,116,127,154,385,442,178,143,188,155,172,340,349,225,191,220,148,121,114,108,150,208,240,113,98,63,66,67,64,51,60,98,95,122,194,144,149,130,100,98,102,95,124,117,134,146,145,124,124,133,102,126,116,104,95,142,178,178,163,174,177,117
80,울산,북구,북구,울산 북구,346,408,265,205,295,334,480,274,357,433,932,796,319,278,337,247,300,371,434,493,478,450,304,259,236,235,265,290,275,259,157,126,137,129,120,101,133,186,263,215,309,215,260,287,251,243,217,205,237,201,318,342,270,262,298,270,247,285,316,285,227,342,411,355,334,336,276,266
81,울산,울주군,울주군,울산 울주군,307,280,234,161,249,299,412,290,274,344,499,563,318,296,330,297,318,335,372,313,289,305,256,212,168,159,164,240,215,198,172,148,132,156,114,100,101,157,156,157,181,184,195,208,205,184,196,145,233,173,245,210,223,218,223,229,221,201,209,182,168,229,291,253,262,296,224,227
82,세종,세종,세종,세종,"1,649","1,401",843,470,583,"1,566","1,575","2,110",588,513,402,"1,120",877,471,484,373,369,260,236,799,594,324,"1,864",392,201,202,343,294,303,167,150,155,157,172,227,277,244,692,628,474,567,502,349,370,423,388,334,326,332,319,395,801,427,472,694,742,429,418,311,321,306,413,720,"1,376",766,428,424,368
83,경기,경기,경기,경기,"24,502","32,381","28,665","13,735","16,029","34,199","31,735","17,799","16,956","18,905","19,845","30,495","20,938","19,894","19,832","15,689","16,327","15,131","16,580","16,249","13,997","10,513","7,852","5,791","4,642","4,537","6,190","7,306","7,414","5,460","4,567","3,657","3,285","3,270","3,933","3,698","4,093","7,913","9,903","9,218","10,670","10,633","9,795","10,319","10,076","8,242","7,407","6,081","7,729","8,946","10,104","11,673","11,703","12,683","16,890","14,618","11,393","10,890","8,843","8,415","8,348","10,993","14,870","14,031","14,106","19,332","14,633","9,037"
84,경기,수원시,수원시,경기 수원시,"3,868","5,280","1,832",811,"1,148","2,299","2,553","1,568","1,435","1,744","1,643","3,242","2,690","2,486","2,409","2,066","1,735","1,804","1,687","1,659","1,552","1,231",917,591,315,308,533,502,532,408,302,334,205,220,273,336,542,776,902,791,"1,022","1,023",962,"1,029","1,001",754,720,605,734,802,981,"1,084","1,128","1,242","1,785","1,356",996,"1,047",801,723,712,971,"1,325","1,359","1,262","1,903","1,506",878
85,경기,수원시,장안구,경기 수원시 장안구,725,"1,336",498,192,290,607,511,256,244,276,250,486,388,408,382,318,345,280,287,256,238,145,88,61,44,37,54,64,80,53,39,33,34,31,38,55,37,94,109,97,143,148,163,201,152,175,141,159,113,151,169,171,179,199,348,271,214,225,154,143,111,174,253,264,214,380,222,140
86,경기,수원시,권선구,경기 수원시 권선구,"1,110","1,639",553,279,251,594,816,723,648,576,624,"1,139",941,745,776,853,531,518,475,652,614,438,281,151,132,129,204,163,216,197,129,63,76,68,74,85,108,212,281,217,244,257,248,275,276,207,214,167,224,241,296,338,356,355,461,365,254,303,236,233,271,334,397,404,339,517,461,346
87,경기,수원시,팔달구,경기 수원시 팔달구,445,577,225,113,267,215,217,112,97,171,134,329,279,221,235,166,167,133,133,93,78,79,41,34,25,27,64,40,46,40,35,39,21,39,41,33,228,53,75,96,142,109,95,109,152,93,85,61,100,84,108,124,117,138,173,205,123,158,117,90,84,122,160,188,163,240,252,105
88,경기,수원시,영통구,경기 수원시 영통구,"1,588","1,728",556,227,340,883,"1,009",477,446,721,635,"1,288","1,082","1,112","1,016",729,692,873,792,658,622,569,507,345,114,115,211,235,190,118,99,199,74,82,120,163,169,417,437,381,493,509,456,444,421,279,280,218,297,326,408,451,476,550,803,515,405,361,294,257,246,341,515,503,546,766,571,287
89,경기,성남시,성남시,경기 성남시,"1,517","1,202","1,088",423,473,"1,389","2,220",852,890,917,"1,003","1,777",754,915,853,434,532,477,519,572,641,527,529,296,293,148,244,337,313,194,127,139,108,96,78,94,145,389,438,437,572,570,527,552,474,339,240,192,295,306,413,617,653,971,"1,211",878,613,504,418,418,334,503,"1,037",835,"1,069","1,838","1,080",451
90,경기,성남시,수정구,경기 성남시 수정구,150,145,128,59,55,147,186,98,104,91,100,175,74,102,63,61,63,56,83,68,53,44,33,26,13,15,14,16,40,28,13,17,15,21,21,20,60,96,81,85,93,91,88,88,91,48,32,35,59,64,76,135,141,117,194,203,115,85,77,64,45,68,161,121,131,225,207,79
91,경기,성남시,중원구,경기 성남시 중원구,189,239,190,68,64,167,311,128,127,126,124,167,115,136,118,105,115,111,115,118,87,102,113,60,37,45,45,50,47,40,46,92,49,23,14,16,17,39,64,65,62,65,63,66,66,57,30,24,42,36,73,111,110,122,190,190,113,90,87,77,66,112,159,148,185,254,158,108
92,경기,성남시,분당구,경기 성남시 분당구,"1,178",818,770,296,354,"1,075","1,723",626,659,700,779,"1,435",565,677,672,268,354,310,321,386,501,381,383,210,243,88,185,271,226,126,68,30,44,52,43,58,68,254,293,287,417,414,376,398,317,234,178,133,194,206,264,371,402,732,827,485,385,329,254,277,223,323,717,566,753,"1,359",715,264
93,경기,의정부시,의정부시,경기 의정부시,651,878,"1,140",664,665,"1,259",973,660,642,723,748,"1,095",811,785,659,442,508,410,540,540,498,326,244,171,121,130,185,209,249,218,177,185,162,129,110,119,123,267,335,309,320,354,359,402,403,315,254,234,276,310,366,419,408,440,496,568,420,415,290,306,286,434,591,601,459,573,502,416
94,경기,안양시,안양시,경기 안양시,"1,371","1,795","1,244",490,557,"1,529","1,270",730,582,557,504,"1,232",869,713,590,534,545,505,624,470,322,251,142,114,103,181,226,311,289,200,268,157,103,86,122,112,117,226,358,340,350,432,347,438,438,370,264,195,279,318,420,464,537,540,715,807,498,500,413,384,326,494,720,743,733,"1,134",794,420
95,경기,안양시,만안구,경기 안양시 만안구,502,512,302,161,179,335,321,202,204,192,205,370,247,205,257,196,211,183,211,208,124,113,66,56,65,121,141,194,181,134,229,119,71,45,54,56,56,78,132,92,98,143,101,141,131,138,80,57,72,89,131,123,141,130,196,246,162,164,133,103,96,152,186,218,170,260,195,139
96,경기,안양시,동안구,경기 안양시 동안구,869,"1,283",942,329,378,"1,194",949,528,378,365,299,862,622,508,333,338,334,322,413,262,198,138,76,58,38,60,85,117,108,66,39,38,32,41,68,56,61,148,226,248,252,289,246,297,307,232,184,138,207,229,289,341,396,410,519,561,336,336,280,281,230,342,534,525,563,874,599,281
97,경기,부천시,부천시,경기 부천시,"1,088","1,457","1,897",912,948,"1,630","1,309",704,616,715,779,"1,155",838,858,961,888,804,664,648,602,491,393,309,556,352,292,286,346,348,284,213,179,211,208,208,134,176,274,418,369,439,438,461,417,402,359,285,247,303,392,439,474,476,583,712,587,508,426,341,325,276,405,547,534,533,677,635,413
98,경기,광명시,광명시,경기 광명시,581,556,633,238,272,768,"1,000",326,239,213,163,359,293,430,338,201,213,217,282,257,203,122,71,54,43,32,126,84,132,38,50,23,55,35,40,59,71,147,172,134,278,194,201,188,199,132,117,98,152,138,295,210,248,316,472,310,220,181,152,134,128,192,332,365,331,565,482,268
99,경기,평택시,평택시,경기 평택시,562,890,"1,106",710,803,"1,636",809,574,640,832,794,"1,432","1,134","1,075","1,553","1,463","1,405","1,124","1,341","1,187","1,067",791,586,496,383,713,667,740,587,537,410,314,320,401,321,281,314,532,664,661,657,628,649,670,586,473,441,441,405,455,525,682,598,568,620,635,489,497,387,413,463,546,687,705,645,701,601,418
100,경기,동두천시,동두천시,경기 동두천시,89,137,126,114,130,200,225,125,139,150,183,449,586,354,329,280,281,223,196,183,64,49,53,45,26,29,54,73,54,49,36,23,34,38,23,22,32,63,69,73,66,73,72,67,83,68,62,56,81,89,106,84,91,68,87,61,74,67,53,51,44,70,101,84,76,100,70,48
101,경기,안산시,안산시,경기 안산시,"1,022","1,514","2,005",862,"1,074","1,749",690,417,480,533,476,905,951,"1,344",842,573,562,444,394,348,441,417,253,178,111,120,296,249,236,169,90,103,80,89,106,127,134,295,403,365,375,429,393,375,370,333,213,219,304,307,386,417,386,407,568,461,357,357,257,239,224,305,420,419,409,428,391,251
102,경기,안산시,상록구,경기 안산시 상록구,385,575,734,349,438,740,396,192,218,233,236,376,379,648,368,208,239,181,184,172,192,174,93,94,49,48,134,105,111,67,38,48,31,39,32,52,55,84,139,128,115,164,115,142,151,123,83,79,122,124,152,156,136,147,179,150,124,134,102,109,89,113,141,152,179,157,158,90
103,경기,안산시,단원구,경기 안산시 단원구,637,939,"1,271",513,636,"1,009",294,225,262,300,240,529,572,696,474,365,323,263,210,176,249,243,160,84,62,72,162,144,125,102,52,55,49,50,74,75,79,211,264,237,260,265,278,233,219,210,130,140,182,183,234,261,250,260,389,311,233,223,155,130,135,192,279,267,230,271,233,161
104,경기,고양시,고양시,경기 고양시,"1,916","1,985","2,018","1,145","1,445","4,148","2,855","1,406","1,175","1,357","2,078","3,423","1,734",932,933,800,"1,138","1,219","1,408","1,189","1,119",826,498,380,287,333,510,647,679,404,257,195,189,183,205,216,245,575,635,659,723,800,700,802,771,658,538,452,580,661,671,810,752,841,"1,174",930,801,653,629,560,569,657,909,952,799,"1,072",841,492
105,경기,고양시,덕양구,경기 고양시 덕양구,812,853,838,451,582,"1,359","1,003",543,421,475,665,"1,149",786,371,368,321,395,577,626,514,446,289,170,153,109,139,199,211,199,133,88,75,85,87,80,93,116,238,315,286,350,376,282,355,338,284,208,187,262,331,294,350,322,353,540,409,352,275,272,231,331,297,414,432,346,517,397,209
106,경기,고양시,일산동구,경기 고양시 일산동구,447,468,491,275,382,"1,033",691,319,284,363,507,836,402,211,228,185,234,195,222,235,226,191,116,82,74,78,100,172,191,86,58,44,40,33,51,54,57,150,136,167,169,164,168,181,148,155,136,103,117,141,173,187,172,205,268,238,198,184,150,152,90,151,210,197,183,217,187,131
107,경기,고양시,일산서구,경기 고양시 일산서구,657,664,689,419,481,"1,756","1,161",544,470,519,906,"1,438",546,350,337,294,509,447,560,440,447,346,212,145,104,116,211,264,289,185,111,76,64,63,74,69,72,187,184,206,204,260,250,266,285,219,194,162,201,189,204,273,258,283,366,283,251,194,207,177,148,209,285,323,270,338,257,152
108,경기,과천시,과천시,경기 과천시,23,18,12,6,16,42,56,20,19,17,29,114,61,30,15,15,30,24,33,28,21,11,9,9,2,4,2,13,20,7,6,4,6,10,8,33,38,48,43,50,48,83,51,60,57,37,19,12,29,32,45,79,79,127,172,78,56,49,45,35,34,95,178,84,90,146,60,14
109,경기,구리시,구리시,경기 구리시,440,558,460,139,150,268,413,202,154,149,112,239,199,224,166,135,159,142,245,154,170,94,53,45,30,33,42,41,49,37,15,17,17,16,13,21,31,53,77,69,96,97,73,70,94,71,58,64,65,84,121,119,120,142,210,195,174,174,240,191,152,152,259,330,351,660,418,146
110,경기,남양주시,남양주시,경기 남양주시,"1,149","1,669","2,023","1,073","1,117","2,624","2,003","1,034",875,931,989,"1,625","1,361","1,186",920,627,721,603,749,905,756,457,318,243,157,162,219,264,333,229,175,154,159,105,116,153,172,353,408,382,483,479,417,471,510,413,319,268,355,413,511,542,564,557,811,727,622,511,380,351,353,460,671,626,650,950,720,431
111,경기,오산시,오산시,경기 오산시,432,850,"1,004",437,596,"1,057",848,418,608,752,537,728,550,446,576,451,451,342,398,344,265,174,130,97,78,81,131,143,159,139,84,84,76,64,82,97,98,150,260,204,235,220,205,218,202,223,205,160,205,218,259,286,341,330,357,387,281,279,272,193,194,216,318,371,265,340,252,142
112,경기,시흥시,시흥시,경기 시흥시,923,"1,314","1,598",834,929,"1,551","1,019",578,612,674,650,"1,180",793,"1,222","1,444",999,874,693,571,516,514,349,295,178,235,182,295,359,373,295,738,384,311,191,167,209,247,496,609,525,641,540,484,540,476,376,324,262,410,353,493,560,635,618,736,706,494,491,403,365,"1,248",569,750,759,655,745,685,542
113,경기,군포시,군포시,경기 군포시,554,"1,202","1,758",420,412,948,459,211,261,268,237,684,692,672,536,382,409,366,396,347,315,174,130,77,55,89,153,187,139,95,56,28,47,34,45,46,52,163,142,160,180,225,197,222,209,177,164,141,153,181,179,230,276,269,358,289,196,181,128,157,116,174,284,256,214,330,271,167
114,경기,의왕시,의왕시,경기 의왕시,486,701,364,151,360,307,341,160,139,143,143,421,298,235,208,155,193,159,160,117,101,68,41,28,17,43,38,54,49,25,21,26,27,26,20,46,41,82,150,139,101,127,134,132,100,110,131,104,230,88,106,113,126,121,234,186,148,112,74,78,80,129,218,214,166,325,224,100
115,경기,하남시,하남시,경기 하남시,402,396,315,121,148,488,"1,602",316,220,216,147,389,350,325,243,179,291,133,187,410,524,377,239,203,333,133,118,288,245,156,193,103,39,29,53,56,111,230,313,271,283,289,277,222,224,149,126,113,165,154,236,299,357,390,683,560,335,294,300,320,289,749,529,370,428,674,587,537
116,경기,용인시,용인시,경기 용인시,"2,618","4,259","2,564","1,028","1,229","2,898","3,309","1,736","1,479","1,468","1,687","2,843","1,624","1,475","1,393",975,"1,244","1,066","1,302","1,383","1,177",998,"1,087",465,322,255,378,462,479,307,203,176,183,144,191,251,255,572,906,867,"1,077","1,024",857,889,"1,002",723,576,474,617,661,848,994,996,"1,246","1,763","1,346","1,023",851,819,668,634,913,"1,462","1,403","1,344","2,026","1,282",806
117,경기,용인시,처인구,경기 용인시 처인구,228,417,379,258,276,419,449,283,347,298,325,442,334,315,365,270,225,226,228,211,190,195,540,128,66,85,123,150,136,88,73,66,66,45,72,58,42,95,196,198,184,146,121,121,140,138,108,103,107,113,174,211,177,213,253,193,148,149,127,100,106,155,190,194,188,231,178,157
118,경기,용인시,기흥구,경기 용인시 기흥구,"1,086","1,844","1,301",492,582,"1,343","1,449",789,567,555,596,"1,114",705,622,575,405,573,455,535,575,478,319,263,167,102,78,132,154,178,120,70,64,51,53,63,107,97,212,316,299,423,411,338,329,401,299,248,194,280,301,319,403,390,421,659,481,377,317,286,261,209,323,482,497,426,675,435,317
119,경기,용인시,수지구,경기 용인시 수지구,"1,304","1,998",884,278,371,"1,136","1,411",664,565,615,766,"1,287",585,538,453,300,446,385,539,597,509,484,284,170,154,92,123,158,165,99,60,46,66,46,56,86,116,265,394,370,470,467,398,439,461,286,220,177,230,247,355,380,429,612,851,672,498,385,406,307,319,435,790,712,730,"1,120",669,332
120,경기,파주시,파주시,경기 파주시,409,580,596,356,393,920,"1,267","1,586","1,582","1,354","1,885","1,577",649,592,655,586,796,769,"1,157","1,302",549,434,315,265,203,177,269,265,313,249,169,107,144,185,172,218,156,269,342,260,329,352,384,330,335,286,255,233,247,256,314,433,368,412,618,625,506,572,375,305,269,363,507,512,456,574,371,272
121,경기,이천시,이천시,경기 이천시,190,192,178,126,166,241,344,193,213,207,235,306,297,307,454,373,311,378,477,486,369,350,232,186,121,144,238,292,228,159,131,116,78,62,61,66,62,101,112,109,127,126,80,117,142,120,115,85,117,110,122,138,124,133,140,136,103,259,118,96,128,115,117,143,132,136,136,108
122,경기,안성시,안성시,경기 안성시,197,259,344,244,279,497,547,205,233,316,335,614,527,359,531,602,608,576,557,468,320,302,229,160,144,192,281,384,297,220,172,138,120,97,94,94,96,124,175,163,240,172,157,216,183,154,144,145,218,190,223,240,217,209,204,210,219,238,196,157,148,225,240,265,262,245,191,136
123,경기,김포시,김포시,경기 김포시,624,693,966,579,698,"1,974","2,310","1,439","1,729","2,373","1,708",399,291,412,518,360,332,339,393,590,627,434,244,199,146,130,167,188,287,289,127,122,95,115,131,188,146,346,433,427,475,477,409,455,431,404,453,364,373,478,559,601,580,602,813,586,557,604,452,450,267,343,469,420,424,500,469,306
124,경기,화성시,화성시,경기 화성시,"2,558","2,926","2,183",900,"1,068","2,157","1,843","1,084",977,"1,147","1,526","2,667","1,393","1,312","1,314","1,000","1,064","1,400","1,374","1,147",995,565,344,310,456,271,311,349,515,293,251,204,219,376,"1,050",481,463,903,966,925,976,896,819,839,780,609,885,507,608,"1,465",857,"1,042",905,909,"1,171","1,260","1,019",955,753,"1,044",599,"1,313","1,377",995,"1,639","1,837","1,329",730
125,경기,광주시,광주시,경기 광주시,323,491,611,430,438,818,677,434,366,377,389,469,302,299,328,272,324,297,339,327,278,157,145,97,84,79,82,133,167,127,84,73,55,55,56,51,56,94,124,125,132,156,167,154,160,142,105,114,141,116,190,198,200,198,261,245,212,197,146,121,117,170,252,227,243,296,234,183
126,경기,양주시,양주시,경기 양주시,316,324,354,330,305,524,434,543,380,459,490,811,524,465,416,342,360,301,273,285,220,191,124,107,70,93,93,108,107,133,76,106,89,127,92,100,95,259,248,211,257,248,218,251,239,244,207,139,204,204,206,282,284,209,284,279,249,239,205,164,137,211,304,221,259,291,235,167
127,경기,포천시,포천시,경기 포천시,61,91,93,70,61,88,126,94,90,98,117,135,166,168,236,187,145,145,104,101,110,117,78,71,36,54,69,85,57,73,43,47,51,57,38,30,20,48,63,74,75,66,64,67,63,61,71,47,54,46,67,73,62,61,73,48,61,69,60,47,132,68,93,71,69,79,74,58
128,경기,여주시,여주시,경기 여주시,52,72,57,54,69,99,107,92,83,103,143,124,102,114,183,212,147,184,135,220,175,210,138,94,78,79,107,125,95,74,61,59,56,49,32,30,32,49,72,64,79,55,77,73,78,67,60,64,76,61,90,89,111,101,74,73,62,91,67,52,48,65,87,88,65,68,92,58
129,경기,연천군,연천군,경기 연천군,9,9,21,12,15,16,26,13,15,18,13,15,13,38,86,38,31,20,18,27,30,34,22,15,14,23,13,18,21,12,9,13,17,15,11,8,4,7,23,8,14,23,17,20,18,13,12,8,12,7,13,24,23,20,11,14,19,18,20,18,10,32,15,14,8,11,11,12
130,경기,가평군,가평군,경기 가평군,30,24,22,16,23,25,18,23,22,28,25,25,21,40,38,34,30,37,30,30,32,29,31,31,14,16,30,25,27,15,11,18,13,14,5,13,7,10,16,23,11,13,13,16,20,21,25,14,18,16,20,25,15,24,24,31,29,22,20,18,14,24,23,23,11,25,35,28
131,경기,양평군,양평군,경기 양평군,41,59,53,40,42,50,82,56,61,66,77,61,65,81,105,84,84,70,43,55,51,55,46,30,13,11,27,25,35,25,12,26,16,14,10,7,12,12,27,24,9,24,24,17,26,41,19,24,23,35,43,45,43,29,53,44,52,37,29,32,17,30,48,42,59,83,55,39
132,강원,강원,강원,강원,"1,765","2,086","1,858","1,659","1,932","2,610","2,458","2,114","1,807","1,987","2,602","3,388","2,450","2,334","2,759","2,363","2,581","2,662","2,614","3,178","2,753","2,742","2,371","1,701","1,294","1,676","2,343","2,072","2,073","1,713","1,138","1,138",994,884,"1,043",819,762,"1,042","1,432","1,266","1,724","1,468","1,316","1,487","1,579","1,520","1,631","1,481","1,481","1,357","1,840","1,814","1,599","1,373","1,651","1,725","1,320","1,750","1,513","1,412","1,261","1,514","1,657","1,541","1,514","1,601","1,435","1,259"
133,강원,춘천시,춘천시,강원 춘천시,349,432,347,348,366,499,485,354,367,416,421,557,456,431,504,452,429,527,536,600,512,563,473,360,287,373,415,466,402,299,217,206,171,155,330,139,161,212,299,252,318,308,292,359,345,342,349,251,298,292,352,345,336,337,352,331,275,413,305,253,276,331,342,340,303,369,323,256
134,강원,원주시,원주시,강원 원주시,515,673,621,499,736,"1,058",885,786,489,532,910,"1,397","1,000",871,944,707,860,"1,060","1,000","1,444","1,256","1,200",772,555,399,508,719,671,686,549,307,352,310,246,259,304,267,364,489,433,593,471,437,494,484,485,622,730,506,474,593,537,547,421,548,457,409,476,536,510,455,509,571,494,498,550,479,376
135,강원,강릉시,강릉시,강원 강릉시,426,385,312,248,246,363,365,284,297,324,576,428,308,365,443,382,370,342,282,334,289,275,340,226,138,193,233,264,235,253,162,138,112,103,89,68,71,92,128,142,129,137,144,169,147,205,139,100,138,126,183,201,172,159,201,179,182,251,185,164,159,212,203,209,253,218,174,192
136,강원,동해시,동해시,강원 동해시,70,100,105,107,100,118,101,127,116,114,127,258,123,102,150,144,163,150,139,161,129,136,169,95,89,117,117,131,149,119,84,87,93,79,62,52,59,74,101,79,86,179,79,81,193,78,88,90,96,80,163,169,109,84,103,118,88,128,99,94,69,87,106,91,82,89,83,84
137,강원,태백시,태백시,강원 태백시,64,79,53,44,48,42,56,55,44,28,52,55,45,44,63,62,66,45,48,53,49,52,42,46,38,51,42,50,68,57,42,39,43,44,36,28,26,32,57,35,49,43,54,46,79,69,73,37,49,36,57,72,39,43,39,35,37,48,38,36,23,47,50,51,60,32,47,34
138,강원,속초시,속초시,강원 속초시,149,177,164,194,175,241,234,202,194,275,236,371,265,236,270,250,286,232,243,224,197,206,181,160,118,122,201,176,197,134,100,79,74,66,72,68,40,71,102,78,130,96,88,116,96,116,87,77,91,96,127,122,121,97,109,95,95,106,89,86,75,105,119,88,87,105,86,96
139,강원,삼척시,삼척시,강원 삼척시,58,62,58,54,53,64,57,48,46,66,51,73,54,49,69,71,64,41,51,47,56,57,79,78,68,100,337,81,71,51,41,55,31,44,34,38,26,47,56,35,36,35,42,37,57,45,62,52,143,68,93,85,71,47,57,55,59,79,57,112,45,55,55,44,45,51,65,54
140,강원,홍천군,홍천군,강원 홍천군,37,42,43,38,34,28,36,48,41,38,34,49,39,39,52,63,55,27,47,48,39,30,55,19,31,32,53,35,34,34,22,24,22,20,24,13,19,26,40,30,23,38,26,40,20,28,32,36,33,42,48,40,29,36,38,42,29,44,33,19,26,44,22,43,21,25,20,28
141,강원,횡성군,횡성군,강원 횡성군,18,15,14,19,20,25,25,12,25,21,17,14,18,16,38,33,21,30,20,32,23,21,24,18,12,18,29,23,22,31,27,13,12,16,17,20,12,20,18,25,21,24,14,19,7,20,25,18,16,20,21,34,29,29,25,29,18,33,22,17,29,20,26,25,16,19,17,18
142,강원,영월군,영월군,강원 영월군,16,17,17,8,10,15,13,20,18,15,19,15,15,18,33,24,26,30,31,33,26,25,20,21,16,21,29,15,24,19,22,18,22,20,19,15,13,20,25,21,18,18,12,10,16,28,23,15,24,20,22,21,27,17,10,24,11,26,25,9,17,17,25,25,20,19,17,21
143,강원,평창군,평창군,강원 평창군,17,32,40,31,45,63,81,79,65,54,51,72,31,29,45,49,62,42,37,78,52,52,61,27,24,22,44,48,61,58,42,52,38,37,34,24,22,17,36,46,47,37,42,37,49,40,35,16,17,25,48,40,45,27,42,262,43,55,30,17,21,18,50,50,51,44,47,41
144,강원,정선군,정선군,강원 정선군,14,13,24,18,16,19,21,14,18,16,23,15,19,26,26,23,24,18,27,14,35,24,43,14,10,20,23,20,32,28,20,16,13,13,22,11,14,16,19,20,96,22,17,27,27,20,47,17,20,21,59,22,18,14,27,26,23,27,25,23,9,21,21,17,24,25,23,15
145,강원,철원군,철원군,강원 철원군,2,8,12,7,23,7,14,6,10,14,22,9,9,14,17,11,12,11,6,11,7,13,11,9,9,7,7,6,7,8,7,7,7,4,13,5,7,9,6,8,113,8,10,6,8,8,5,6,7,12,12,22,11,13,22,31,6,20,12,12,9,8,11,9,10,5,4,6
146,강원,화천군,화천군,강원 화천군,1,1,2,2,1,4,2,3,6,7,4,5,1,4,4,3,6,7,6,4,3,9,1,3,4,4,2,3,3,1,3,1,0,4,3,3,2,1,6,3,6,1,3,4,2,3,5,5,1,3,3,4,1,1,4,3,1,4,3,3,2,1,2,3,5,1,1,6
147,강원,양구군,양구군,강원 양구군,6,3,5,7,4,2,23,23,7,7,3,10,11,15,10,6,12,6,13,6,2,4,2,5,4,3,21,9,7,8,4,4,9,3,4,4,5,10,8,22,11,1,3,6,4,4,3,8,7,8,5,2,4,5,5,0,4,0,10,7,7,2,3,3,4,7,4,1
148,강원,인제군,인제군,강원 인제군,5,10,11,7,8,3,7,13,14,5,6,7,5,6,13,13,11,5,71,9,16,6,33,9,8,35,19,14,13,11,4,11,11,11,4,5,2,4,8,8,8,11,6,9,9,7,14,6,9,5,14,9,8,3,14,10,5,6,9,16,9,9,9,14,11,9,15,7
149,강원,고성군,고성군,강원 고성군,6,13,10,11,17,17,11,6,12,17,10,12,13,19,30,26,61,28,14,27,26,30,18,17,8,16,10,11,10,8,11,6,7,4,11,6,7,15,13,13,17,19,15,5,17,7,10,8,7,8,13,63,12,27,22,10,16,18,16,11,13,18,17,11,10,11,10,8
150,강원,양양군,양양군,강원 양양군,12,24,20,17,30,42,42,34,38,38,40,41,38,50,48,44,53,61,43,53,36,39,47,39,31,34,42,49,52,45,23,30,19,15,10,16,9,12,21,16,23,20,32,22,19,15,12,9,19,21,27,26,20,13,33,18,19,16,19,23,17,10,25,24,14,22,20,16
151,충북,충북,충북,충북,"2,035","2,600","2,313","1,941","3,412","4,336","2,211","1,607","1,960","2,018","2,526","3,397","2,804","2,739","3,532","2,960","2,784","2,537","2,951","2,521","2,730","2,412","2,237","1,584","1,317","1,617","1,985","2,094","2,166","1,599","1,261","1,134","1,099","1,294","1,114","1,169",895,"1,472","1,833","1,583","1,960","1,579","1,608","1,765","1,583","1,896","1,823","2,005","1,602","1,519","1,873","1,782","1,889","1,539","1,881","1,561","1,443","1,834","1,416","1,630","1,252","1,726","2,025","1,908","2,102","1,981","2,049","1,625"
152,충북,청주시,청주시,충북 청주시,"1,356","1,535","1,305","1,277","2,459","3,125","1,136",767,889,"1,056","1,510","2,219","1,506","1,636","2,023","1,746","1,704","1,547","1,349","1,538","1,478","1,439","1,397",879,672,828,"1,050","1,165","1,148",794,578,545,554,631,545,471,519,909,"1,139",905,"1,174",900,949,"1,030",905,"1,069",841,"1,128",959,882,"1,061","1,039","1,120",855,"1,138",916,916,"1,113",831,"1,007",747,"1,085","1,304","1,230","1,412","1,261","1,403","1,067"
153,충북,청주시,상당구,충북 청주시 상당구,252,274,260,256,320,471,244,166,196,221,229,340,268,282,412,390,331,299,270,345,318,345,285,226,130,200,238,278,222,171,135,113,126,122,116,91,110,179,236,195,253,200,210,230,204,262,164,132,232,158,236,220,240,187,226,181,193,240,175,222,142,241,355,290,295,255,277,231
154,충북,청주시,서원구,충북 청주시 서원구,293,308,274,288,520,753,307,170,186,217,322,582,393,410,605,574,614,551,425,440,458,368,341,233,192,198,255,319,301,204,136,141,126,159,141,105,121,196,230,224,358,210,225,243,226,260,235,200,231,209,263,253,276,183,293,186,201,244,183,196,151,267,284,271,275,247,239,235
155,충북,청주시,흥덕구,충북 청주시 흥덕구,541,639,491,457,"1,079","1,144",398,285,348,391,711,835,528,529,662,505,484,470,423,518,430,415,508,254,189,256,305,369,373,245,164,170,162,221,181,166,180,330,407,277,351,285,312,366,299,341,280,614,310,303,335,337,399,301,378,361,344,385,294,388,282,346,416,452,562,483,486,361
156,충북,청주시,청원구,충북 청주시 청원구,270,314,280,276,540,757,187,146,159,227,248,462,317,415,344,277,275,227,231,235,272,311,263,166,161,174,252,199,252,174,143,121,140,129,107,109,108,204,266,209,212,205,202,191,176,206,162,182,186,212,227,229,205,184,241,188,178,244,179,201,172,231,249,217,280,276,401,240
157,충북,충주시,충주시,충북 충주시,336,386,310,274,500,576,489,246,303,391,517,611,491,433,530,497,434,443,533,472,674,492,445,236,233,320,405,407,455,316,218,212,191,168,136,143,143,174,252,231,266,268,250,260,205,273,488,467,277,208,277,269,258,267,295,254,223,253,207,203,179,225,263,215,238,248,221,195
158,충북,제천시,제천시,충북 제천시,118,323,377,145,145,207,189,199,213,184,157,146,302,261,300,293,265,196,227,185,180,160,124,140,100,130,161,157,208,187,137,105,101,160,105,73,70,108,141,139,154,113,125,146,171,140,136,101,101,156,198,137,234,110,113,130,114,187,126,141,113,160,177,160,155,159,143,117
159,충북,보은군,보은군,충북 보은군,8,15,25,18,23,17,34,20,35,34,18,16,4,8,9,17,36,18,19,13,15,15,10,8,17,12,17,9,16,11,22,27,13,50,74,25,10,14,19,20,21,23,17,10,19,14,11,14,12,21,20,10,18,90,9,12,10,21,13,61,9,11,13,15,17,17,13,9
160,충북,옥천군,옥천군,충북 옥천군,21,26,26,10,21,26,23,25,14,24,30,44,58,72,72,47,45,31,29,20,31,21,23,25,18,25,21,36,24,16,24,17,14,22,19,14,15,19,15,19,19,17,18,19,25,18,26,11,24,18,21,17,21,16,12,18,5,18,25,21,24,31,40,30,22,26,28,25
161,충북,영동군,영동군,충북 영동군,8,35,11,18,9,12,13,17,16,14,16,28,54,24,26,27,35,16,17,17,21,13,11,37,33,34,46,15,17,15,11,24,35,11,27,11,10,12,15,13,20,13,9,14,10,17,15,11,16,18,24,35,17,24,23,36,16,8,19,16,6,17,19,17,32,9,12,9
162,충북,증평군,증평군,충북 증평군,25,33,28,40,33,97,41,129,285,101,41,46,42,41,239,102,46,61,37,45,68,57,41,78,69,108,74,97,74,70,66,43,36,90,29,33,27,41,62,31,114,27,27,48,37,55,50,42,33,39,61,64,53,40,49,36,23,37,40,35,30,44,37,46,37,33,44,35
163,충북,진천군,진천군,충북 진천군,76,119,107,72,110,120,118,74,91,72,84,121,134,125,128,81,88,93,604,116,144,87,65,74,64,65,80,74,84,72,73,55,60,67,84,322,48,93,80,108,96,108,126,126,123,191,153,130,88,76,90,93,70,59,149,76,57,85,47,60,53,68,75,85,75,111,100,77
164,충북,괴산군,괴산군,충북 괴산군,4,6,2,6,7,8,7,4,1,9,6,2,2,3,5,5,1,4,7,7,2,3,5,4,7,5,6,6,8,2,1,5,5,4,1,0,2,2,5,5,3,6,7,2,5,3,6,1,5,3,6,3,4,1,4,3,1,5,5,8,2,3,4,1,3,4,6,3
165,충북,음성군,음성군,충북 음성군,71,103,114,70,94,132,147,113,103,125,133,151,197,127,176,128,113,106,105,98,104,112,107,86,100,78,114,115,122,104,124,93,85,82,86,74,46,90,95,88,78,81,65,90,63,97,82,89,69,85,103,98,80,70,79,75,66,93,85,72,80,70,82,95,95,106,68,76
166,충북,단양군,단양군,충북 단양군,12,19,8,11,11,16,14,13,10,8,14,13,14,9,24,17,17,22,24,10,13,13,9,17,4,12,11,13,10,12,7,8,5,9,8,3,5,10,10,24,15,23,15,20,20,19,15,11,18,13,12,17,14,7,10,5,12,14,18,6,9,12,11,14,16,7,11,12
167,충남,충남,충남,충남,"3,064","3,269","2,781","2,281","2,692","4,076","4,689","2,670","2,777","2,982","3,839","5,254","3,071","2,933","4,988","3,705","3,583","3,494","3,603","4,077","3,496","3,322","2,946","2,540","1,848","2,049","2,445","2,682","2,712","2,114","1,501","1,511","1,426","1,461","1,255","1,383","1,218","1,932","2,350","2,245","2,317","2,101","2,035","2,213","2,019","2,075","1,906","1,618","1,945","1,888","2,447","2,328","2,260","2,182","2,286","2,182","1,913","2,535","1,916","1,871","1,538","2,097","2,378","2,312","2,454","2,322","2,188","1,856"
168,충남,천안시,천안시,충남 천안시,"1,566","1,623","1,163",976,"1,174","2,073","2,301",969,"1,214","1,449","1,994","2,698",999,"1,028","2,532","1,260","1,306","1,240","1,388","1,688","1,378","1,274","1,047",793,662,676,914,"1,051","1,063",819,562,621,523,536,554,765,580,975,"1,046",973,"1,165",926,802,864,789,794,765,630,738,792,"1,027",974,884,922,965,905,763,955,723,700,611,837,938,912,"1,057",905,845,727
169,충남,천안시,동남구,충남 천안시 동남구,564,630,514,406,443,682,729,341,369,519,595,770,356,366,557,464,496,442,490,615,455,420,402,319,271,241,338,399,386,287,219,243,197,229,215,206,178,251,323,298,346,280,269,292,274,285,252,217,262,280,376,373,318,266,323,331,234,313,270,242,213,270,347,353,375,325,277,251
170,충남,천안시,서북구,충남 천안시 서북구,"1,002",993,649,570,731,"1,391","1,572",628,845,930,"1,399","1,928",643,662,"1,975",796,810,798,898,"1,073",923,854,645,474,391,435,576,652,677,532,343,378,326,307,339,559,402,724,723,675,819,646,533,572,515,509,513,413,476,512,651,601,566,656,642,574,529,642,453,458,398,567,591,559,682,580,568,476
171,충남,공주시,공주시,충남 공주시,91,139,105,88,102,128,168,171,220,125,137,220,107,121,127,111,116,95,83,81,86,96,60,58,52,53,62,73,80,59,41,35,78,23,32,21,27,45,62,89,62,60,43,68,56,43,58,44,73,45,70,51,74,69,54,58,60,74,59,61,46,67,55,79,80,83,96,117
172,충남,보령시,보령시,충남 보령시,79,87,95,76,56,83,93,75,84,74,94,100,64,103,114,107,88,82,86,110,72,72,94,65,46,63,75,89,67,66,50,33,54,68,54,43,34,67,75,68,69,64,59,52,53,68,54,66,79,49,58,63,69,60,54,47,59,86,56,62,45,57,65,71,67,67,61,51
173,충남,아산시,아산시,충남 아산시,692,624,565,427,597,864,952,528,561,606,764,"1,268","1,072",811,"1,105","1,038",917,960,890,960,840,783,683,644,401,464,543,601,646,505,353,346,327,402,217,195,222,363,464,426,450,460,435,568,543,479,413,365,415,413,575,504,565,498,543,526,438,625,433,451,338,412,524,492,491,608,522,392
174,충남,서산시,서산시,충남 서산시,135,174,170,157,163,163,425,366,160,200,186,234,262,241,371,373,323,322,370,395,285,316,308,277,190,270,270,294,260,179,137,145,126,110,105,105,89,145,268,302,161,162,162,182,150,148,170,133,216,161,188,190,210,173,182,178,174,227,158,157,123,233,214,219,197,178,183,149
175,충남,논산시,논산시,충남 논산시,60,79,89,56,72,87,105,86,87,72,92,114,72,81,97,103,82,64,67,60,96,126,109,106,119,128,91,68,59,59,55,45,45,53,35,27,33,37,56,52,61,66,49,68,53,67,69,51,74,58,56,67,56,63,49,57,54,65,62,64,53,65,65,58,67,45,52,48
176,충남,계룡시,계룡시,충남 계룡시,84,78,90,65,125,143,119,80,55,55,81,131,86,70,78,121,112,88,80,59,54,49,44,37,22,39,33,35,37,31,35,32,27,23,22,28,30,40,42,46,48,52,196,69,52,153,43,34,42,45,71,60,46,53,64,57,54,82,76,49,51,49,61,65,67,63,50,44
177,충남,당진시,당진시,충남 당진시,123,145,152,118,139,146,192,114,119,110,148,175,135,175,204,222,269,314,336,389,323,286,278,228,140,181,227,203,232,154,113,122,104,98,98,87,81,96,143,118,120,151,115,156,145,127,140,110,124,135,164,159,162,149,185,170,146,169,153,152,146,197,198,176,197,187,193,154
178,충남,금산군,금산군,충남 금산군,27,28,42,99,24,31,45,21,23,32,38,44,24,46,46,22,25,32,25,29,25,24,35,20,37,15,30,36,41,38,21,15,16,12,20,27,17,15,24,10,17,22,24,29,20,27,30,17,23,21,18,58,12,18,21,20,16,25,20,19,18,15,21,30,22,23,28,16
179,충남,부여군,부여군,충남 부여군,13,29,27,22,18,23,34,18,25,15,25,19,19,19,21,21,23,15,23,17,11,19,21,15,17,8,18,21,13,14,17,9,22,15,6,10,7,8,14,17,5,17,18,9,9,15,13,20,17,18,21,21,15,18,11,16,17,25,19,14,1,11,16,16,13,9,13,13
180,충남,서천군,서천군,충남 서천군,10,18,16,15,18,87,12,15,26,22,18,13,16,26,16,18,20,21,11,7,15,14,14,16,6,15,13,9,13,13,9,13,12,13,11,10,7,9,14,19,11,13,12,10,12,9,15,12,12,11,18,21,14,29,14,18,9,23,16,9,7,16,17,18,11,10,13,13
181,충남,청양군,청양군,충남 청양군,3,10,2,9,16,20,9,6,5,3,8,9,3,3,5,11,5,4,1,5,4,5,7,2,5,2,7,8,6,4,5,3,2,2,1,1,1,3,1,5,7,7,3,3,5,3,5,5,4,4,4,6,4,4,4,0,2,8,6,2,3,5,4,3,4,3,5,2
182,충남,홍성군,홍성군,충남 홍성군,109,130,144,98,110,126,132,144,127,133,138,113,121,110,131,155,182,175,162,183,213,162,170,183,77,62,56,85,84,65,41,37,39,44,39,25,38,52,61,54,63,41,43,58,62,61,59,70,66,62,102,55,61,53,58,58,59,86,65,64,45,70,107,80,93,70,66,64
183,충남,예산군,예산군,충남 예산군,48,64,92,48,45,55,62,38,44,50,59,65,51,55,71,88,65,47,63,56,58,59,36,42,49,41,59,69,80,57,38,37,29,30,30,24,29,42,49,32,48,36,41,26,37,43,44,36,47,48,48,64,56,47,47,41,38,39,44,48,34,43,64,68,62,53,36,46
184,충남,태안군,태안군,충남 태안군,24,41,29,27,33,47,40,39,27,36,57,51,40,44,70,55,50,35,18,38,36,37,40,54,25,32,47,40,31,51,24,18,22,32,31,15,23,35,31,34,30,24,33,51,33,38,28,25,15,26,27,35,32,26,35,31,24,46,26,19,17,20,29,25,26,18,25,20
185,전북,전북,전북,전북,"2,246","2,570","2,389","1,899","2,538","3,091","3,112","2,412","2,442","2,916","3,238","3,936","2,266","2,426","3,129","2,808","2,638","2,844","2,621","2,780","2,503","2,333","2,112","1,558","1,530","1,838","2,420","2,383","2,292","1,771","1,422","1,175","1,031","1,025",989,815,797,"1,264","1,474","1,374","1,967","1,902","1,427","1,546","1,448","1,476","1,404","1,251","1,506","1,299","1,897","1,858","1,895","1,597","1,935","1,708","1,744","2,005","1,978","1,588","1,266","1,759","2,078","1,937","1,918","1,833","1,829","1,619"
186,전북,전주시,전주시,전북 전주시,"1,199","1,372","1,235",926,993,"1,661","1,693","1,083","1,109","1,204","1,820","2,131",890,908,"1,472","1,245","1,240","1,152","1,086","1,273","1,198",991,909,694,655,790,"1,100","1,107","1,036",810,658,468,430,407,375,325,364,598,702,616,892,764,690,725,710,690,651,641,711,629,933,991,940,834,"1,049",918,787,999,891,710,609,876,"1,053","1,021","1,066",969,904,855
187,전북,전주시,완산구,전북 전주시 완산구,546,684,625,473,536,804,885,504,566,578,917,"1,135",434,493,881,670,617,563,512,595,553,462,471,359,332,426,544,554,549,424,383,239,236,202,196,159,178,261,321,290,414,370,323,354,338,316,315,297,338,334,454,502,466,400,496,451,385,453,487,364,290,443,548,534,483,475,450,346
188,전북,전주시,덕진구,전북 전주시 덕진구,653,688,610,453,457,857,808,579,543,626,903,996,456,415,591,575,623,589,574,678,645,529,438,335,323,364,556,553,487,386,275,229,194,205,179,166,186,337,381,326,478,394,367,371,372,374,336,344,373,295,479,489,474,434,553,467,402,546,404,346,319,433,505,487,583,494,454,509
189,전북,군산시,군산시,전북 군산시,398,385,379,319,379,646,566,375,357,476,563,866,617,503,626,690,627,708,681,628,559,613,527,299,276,356,529,537,481,345,260,240,218,229,184,151,142,214,273,288,471,629,271,305,286,277,253,213,265,220,368,323,356,265,323,272,252,324,262,207,201,247,370,284,324,277,274,259
190,전북,익산시,익산시,전북 익산시,298,385,371,321,386,379,420,654,642,415,374,464,420,374,527,482,407,637,499,580,473,412,381,288,324,430,479,420,426,346,263,222,177,191,214,181,135,191,211,190,287,207,166,231,183,241,226,167,236,223,253,225,288,201,258,224,225,269,269,268,195,286,274,284,228,254,270,216
191,전북,정읍시,정읍시,전북 정읍시,103,131,117,84,520,113,112,78,87,98,107,123,73,55,116,88,103,67,84,65,60,77,65,65,70,65,73,97,82,60,44,51,45,49,61,27,43,49,83,88,92,97,83,89,74,64,72,62,68,46,75,77,60,71,62,66,56,73,52,50,47,58,73,62,56,59,70,44
192,전북,남원시,남원시,전북 남원시,42,82,48,49,44,53,65,56,63,47,58,52,41,57,61,40,48,45,45,37,21,43,39,30,39,34,50,46,42,36,22,38,30,18,21,26,17,43,38,43,39,24,27,29,36,35,34,29,29,33,54,39,34,37,41,44,30,57,307,131,30,49,74,46,35,38,35,42
193,전북,김제시,김제시,전북 김제시,54,40,74,63,62,73,70,41,40,36,63,56,52,46,86,65,43,33,37,33,39,40,48,39,35,35,32,34,40,37,39,30,20,28,36,19,12,20,44,15,40,22,27,32,31,41,42,30,29,30,44,49,40,32,47,28,34,43,39,42,29,26,43,33,37,40,38,23
194,전북,완주군,완주군,전북 완주군,81,103,76,62,72,88,95,69,76,577,184,121,102,427,140,110,107,136,132,106,91,94,85,70,80,81,97,84,105,66,56,67,63,48,57,42,50,88,73,73,82,111,123,78,74,82,72,64,100,67,114,100,97,96,99,107,315,185,112,135,112,146,127,149,114,146,180,137
195,전북,진안군,진안군,전북 진안군,5,3,3,7,4,0,6,4,2,2,3,1,5,1,8,8,1,4,3,3,4,4,3,3,5,4,2,2,1,9,5,3,1,2,1,2,2,4,3,6,6,6,7,0,2,4,2,3,3,2,1,4,2,4,4,0,3,5,4,4,3,2,3,2,1,4,4,4
196,전북,무주군,무주군,전북 무주군,16,6,16,5,6,9,7,2,6,6,6,46,14,17,13,14,13,8,4,5,8,9,9,15,10,12,5,3,5,7,32,12,10,1,3,1,3,8,5,5,10,6,1,7,23,8,8,6,8,7,5,3,9,7,11,2,4,9,6,6,6,7,2,5,1,5,1,4
197,전북,장수군,장수군,전북 장수군,2,4,4,2,2,1,7,3,1,3,3,4,1,1,1,0,5,0,2,1,3,3,0,3,2,0,3,1,1,0,1,2,2,1,2,3,0,1,1,2,1,0,0,0,3,0,0,0,1,1,0,2,4,0,0,1,5,2,0,2,0,3,1,2,1,0,1,2
198,전북,임실군,임실군,전북 임실군,4,8,14,6,13,6,2,6,9,6,1,8,8,5,6,6,3,16,8,11,8,8,9,7,6,5,9,6,11,9,9,6,7,10,7,11,5,10,5,5,10,5,8,11,3,7,9,5,5,7,4,8,11,9,10,5,6,5,6,6,4,5,8,8,11,7,8,9
199,전북,순창군,순창군,전북 순창군,7,8,2,5,2,7,14,8,4,5,8,12,2,5,4,6,3,4,4,5,6,5,1,3,2,2,4,8,2,3,3,3,3,4,2,5,7,15,6,6,4,9,2,6,3,3,11,5,4,6,10,6,7,6,4,6,5,2,3,6,7,9,12,3,8,6,6,2
200,전북,고창군,고창군,전북 고창군,17,23,24,15,21,14,17,13,17,24,15,17,13,8,37,22,16,17,12,14,16,8,10,11,14,11,15,18,26,6,10,6,8,12,9,10,7,8,10,15,10,7,7,14,7,11,10,10,19,7,14,15,14,12,9,7,11,15,12,9,6,22,11,16,17,7,18,9
201,전북,부안군,부안군,전북 부안군,20,20,26,35,34,41,38,20,29,17,33,35,28,19,32,32,22,17,24,19,17,26,26,31,12,13,22,20,34,37,20,27,17,25,17,12,10,15,20,22,23,15,15,19,13,13,14,16,28,21,22,16,33,23,18,28,11,17,15,12,17,23,27,22,19,21,20,13
202,전남,전남,전남,전남,"1,565","2,098","1,913","3,167","2,123","2,323","3,094","1,749","2,477","2,768","2,240","2,506","2,290","1,651","2,190","1,972","1,789","1,853","2,081","2,210","1,822","1,925","1,716","1,459","1,209","1,256","1,542","1,528","1,550","1,141","1,114",938,911,938,818,742,737,"1,759","1,257","1,199","1,278","1,231","1,141","1,477","1,186","1,419","1,395","1,118","1,237","1,597","1,371","1,496","1,381","1,280","1,415","1,289","1,218","1,501","1,762","1,239",979,"1,237","1,535","1,549","1,296","1,295","1,265","1,125"
203,전남,목포시,목포시,전남 목포시,221,284,260,206,243,308,322,250,272,241,295,353,373,314,416,349,296,297,383,470,386,444,370,274,260,246,389,342,338,237,202,182,201,233,181,131,117,150,190,197,259,231,232,239,190,223,257,173,203,223,248,420,233,242,254,207,244,282,211,210,167,181,281,262,217,242,201,177
204,전남,여수시,여수시,전남 여수시,369,477,415,327,408,425,474,335,757,571,511,531,286,229,320,255,260,212,215,227,242,271,319,238,140,150,182,195,192,131,176,138,112,119,97,98,96,155,182,189,157,187,173,184,176,166,172,162,145,151,198,193,225,215,206,166,155,233,175,164,119,148,236,199,187,151,174,115
205,전남,순천시,순천시,전남 순천시,343,467,427,"1,663",555,559,809,448,397,"1,152",476,502,755,320,495,417,402,367,349,552,350,361,314,283,271,266,293,387,354,267,276,234,179,192,195,150,190,936,289,281,305,297,260,313,254,268,279,213,266,669,338,286,330,267,326,262,288,387,743,298,248,329,368,399,298,340,301,331
206,전남,나주시,나주시,전남 나주시,85,103,86,95,86,115,114,81,85,97,148,235,224,197,238,181,207,283,286,309,256,255,148,81,79,102,74,97,99,76,64,50,62,47,45,37,52,93,99,95,94,106,108,86,109,92,101,65,114,99,80,79,84,68,82,95,64,105,116,122,100,104,110,120,139,115,142,99
207,전남,광양시,광양시,전남 광양시,245,467,432,447,363,347,619,305,463,305,308,381,241,254,316,356,269,256,506,259,211,207,200,243,145,181,232,169,254,164,201,169,175,167,149,187,120,193,190,180,205,174,165,218,224,421,329,164,224,169,221,227,183,196,238,305,210,199,171,188,153,202,214,185,189,162,163,157
208,전남,담양군,담양군,전남 담양군,5,2,2,2,36,3,3,4,2,4,8,8,8,5,5,9,5,6,3,11,4,6,7,5,5,2,4,8,6,4,2,2,1,5,3,3,3,4,5,2,4,2,6,9,7,6,6,1,8,2,6,5,2,5,6,11,2,13,86,12,10,4,6,9,5,5,11,8
209,전남,곡성군,곡성군,전남 곡성군,18,15,2,6,57,7,7,2,3,2,4,7,15,12,4,7,6,4,5,6,0,3,2,2,0,2,4,6,4,4,5,2,2,1,2,4,2,5,6,8,6,4,1,1,5,4,1,4,1,3,4,2,4,3,3,3,2,7,4,3,4,2,4,4,2,5,2,2
210,전남,구례군,구례군,전남 구례군,5,11,5,5,7,16,7,11,13,5,12,8,4,5,7,4,9,5,5,9,5,6,4,9,5,8,8,3,6,8,9,3,5,4,2,4,2,3,8,2,6,7,2,6,3,2,4,4,5,4,6,7,14,3,2,3,5,2,6,3,5,6,2,1,2,8,2,5
211,전남,고흥군,고흥군,전남 고흥군,21,35,25,28,28,21,32,13,13,20,14,16,10,12,20,17,13,15,12,16,18,14,12,19,21,25,24,25,20,26,13,17,10,11,16,9,11,20,19,15,9,12,15,13,11,21,14,16,16,55,20,18,27,26,14,10,19,11,16,9,6,20,23,39,17,14,25,15
212,전남,보성군,보성군,전남 보성군,9,13,10,8,9,9,17,17,14,13,14,16,14,13,19,29,18,43,15,14,19,10,14,15,10,7,9,4,4,6,8,9,11,7,6,5,5,9,14,6,6,12,12,10,11,8,12,4,8,5,9,5,9,12,5,6,3,8,7,9,6,3,5,5,4,3,8,5
213,전남,화순군,화순군,전남 화순군,32,34,42,61,51,52,63,50,49,121,40,47,44,50,58,49,45,29,40,51,46,62,43,36,50,48,60,51,51,41,34,23,25,24,14,22,26,30,36,30,29,29,26,29,30,32,30,35,23,29,37,57,40,47,37,40,36,47,31,32,18,38,36,45,32,43,28,21
214,전남,장흥군,장흥군,전남 장흥군,15,8,11,4,13,14,17,17,10,10,20,10,11,23,27,20,18,4,8,7,9,7,18,11,7,5,12,12,10,6,9,6,19,7,4,1,5,9,10,13,6,5,7,4,6,9,7,7,10,3,2,6,5,2,5,8,11,7,5,3,8,11,12,15,7,7,4,6
215,전남,강진군,강진군,전남 강진군,12,11,16,17,9,11,17,9,7,12,13,11,15,8,10,4,5,11,10,6,5,7,8,10,9,10,10,14,8,9,6,6,5,5,6,3,7,8,8,9,10,6,6,202,8,8,5,8,11,5,6,6,10,4,3,3,6,6,6,10,8,7,13,3,9,11,8,4
216,전남,해남군,해남군,전남 해남군,40,40,49,28,24,34,24,30,31,20,34,35,22,30,34,40,31,29,29,25,31,34,29,25,26,31,37,34,43,25,20,18,20,22,18,19,10,15,32,29,28,17,14,30,35,28,23,18,20,26,36,25,27,17,27,22,16,24,23,19,23,14,21,28,19,17,32,17
217,전남,영암군,영암군,전남 영암군,34,27,30,116,41,62,350,55,104,74,164,154,94,36,39,57,71,64,45,51,31,34,66,47,43,41,34,26,47,34,31,28,12,23,23,20,34,42,62,40,56,34,19,42,40,41,48,145,51,58,48,56,37,46,41,25,42,38,33,26,32,46,46,42,40,35,36,26
218,전남,무안군,무안군,전남 무안군,66,65,44,106,160,285,138,74,218,74,91,124,109,103,127,131,95,167,108,131,170,159,108,83,86,79,128,102,77,64,32,28,31,31,29,25,37,55,76,65,74,77,63,60,48,57,67,61,76,55,63,75,100,91,122,76,65,92,91,58,45,86,103,86,97,99,81,80
219,전남,함평군,함평군,전남 함평군,4,1,3,1,3,0,3,5,2,4,3,8,1,2,5,2,4,11,8,5,6,3,2,2,5,9,5,8,5,2,4,3,6,3,3,1,2,4,2,6,3,1,2,4,2,2,7,6,6,2,2,2,6,5,4,3,5,3,1,38,1,5,1,0,1,4,12,2
220,전남,영광군,영광군,전남 영광군,14,18,24,17,17,29,35,13,17,19,28,23,25,12,25,21,11,29,31,26,13,18,27,34,29,27,21,16,16,17,11,9,25,20,9,7,11,11,12,13,9,15,16,15,14,10,14,16,16,11,18,9,15,15,21,28,27,26,22,14,17,19,24,16,13,20,15,21
221,전남,장성군,장성군,전남 장성군,11,11,13,17,3,7,18,15,7,8,16,15,20,9,10,9,16,10,10,25,9,13,14,29,9,9,5,15,3,12,4,4,4,5,4,5,1,3,8,8,4,3,6,8,5,9,6,7,15,9,12,6,16,7,10,10,7,9,3,7,3,5,14,9,9,1,8,22
222,전남,완도군,완도군,전남 완도군,12,6,13,6,7,11,13,6,8,7,8,12,8,9,10,10,6,6,7,6,7,9,8,9,5,3,9,8,7,4,4,5,3,9,7,6,5,7,5,7,7,9,3,2,4,7,9,7,13,14,10,7,9,9,6,4,4,1,6,9,4,4,11,8,7,7,9,9
223,전남,진도군,진도군,전남 진도군,3,3,4,7,3,8,12,9,5,9,33,10,11,8,5,5,2,5,6,4,4,2,3,3,4,5,2,5,6,4,3,2,3,3,4,3,1,7,4,3,1,3,3,2,4,5,2,2,5,5,4,5,5,0,2,2,6,1,4,5,2,3,5,74,2,5,3,2
224,전남,신안군,신안군,전남 신안군,1,0,0,0,0,0,0,0,0,0,0,0,0,0,0,0,0,0,0,0,0,0,0,1,0,0,0,1,0,0,0,0,0,0,1,2,0,0,0,1,0,0,2,0,0,0,2,0,1,0,3,0,0,0,1,0,1,0,2,0,0,0,0,0,0,1,0,1
225,경북,경북,경북,경북,"2,744","3,089","2,369","2,082","2,867","4,231","3,702","2,285","2,644","2,902","4,915","6,304","3,614","3,184","4,142","3,583","3,315","3,152","3,098","3,284","2,932","3,089","2,714","2,074","1,851","2,024","2,406","2,705","2,572","1,974","1,535","1,587","1,405","1,517","1,349","1,386","1,286","1,918","2,155","1,876","2,148","2,034","1,890","2,077","1,927","2,349","1,982","1,665","2,023","1,879","2,328","2,197","2,048","2,178","2,002","1,867","1,910","2,259","1,906","1,974","1,503","2,046","2,164","2,033","1,950","2,072","2,005","1,721"
226,경북,포항시,포항시,경북 포항시,904,870,669,565,688,"1,031","1,107",569,665,891,"1,653","1,919",802,552,809,805,695,777,843,983,889,862,732,491,420,483,631,680,694,569,396,420,390,389,299,290,312,459,512,457,597,489,474,606,492,493,487,412,490,438,558,510,509,470,478,457,432,531,455,393,310,466,485,459,423,470,453,355
227,경북,포항시,남구,경북 포항시 남구,373,294,248,223,258,353,467,203,226,264,570,589,210,149,223,266,233,222,275,312,299,305,265,171,132,200,225,242,248,227,142,187,154,172,114,107,112,182,215,196,236,225,197,214,190,223,227,177,209,192,255,210,232,191,186,183,179,214,218,169,140,201,203,202,175,191,181,126
228,경북,포항시,북구,경북 포항시 북구,531,576,421,342,430,678,640,366,439,627,"1,083","1,330",592,403,586,539,462,555,568,671,590,557,467,320,288,283,406,438,446,342,254,233,236,217,185,183,200,277,297,261,361,264,277,392,302,270,260,235,281,246,303,300,277,279,292,274,253,317,237,224,170,265,282,257,248,279,272,229
229,경북,경주시,경주시,경북 경주시,211,368,227,186,262,318,306,228,221,261,641,581,274,228,302,269,242,253,247,265,229,267,224,177,168,182,169,239,218,185,139,139,110,135,136,108,95,174,188,159,178,187,193,175,185,185,198,133,195,194,222,207,190,178,193,152,154,191,208,156,159,189,228,212,162,187,152,223
230,경북,김천시,김천시,경북 김천시,125,117,214,134,175,213,212,104,133,199,208,333,317,327,397,304,261,216,228,194,119,153,104,105,104,137,165,154,143,107,80,92,76,103,88,95,90,102,233,175,116,126,117,159,103,120,111,92,91,103,143,145,113,126,153,134,104,151,132,130,108,129,133,140,116,119,107,101
231,경북,안동시,안동시,경북 안동시,159,198,104,114,129,162,164,132,141,139,164,172,193,205,227,185,161,175,162,132,120,112,123,112,97,90,111,126,123,114,65,82,67,67,58,58,55,98,113,88,99,103,110,92,118,104,85,121,132,126,134,110,95,101,103,102,111,146,113,128,90,121,135,122,102,93,114,87
232,경북,구미시,구미시,경북 구미시,491,614,484,434,898,"1,641",906,447,507,467,"1,079","1,674",919,791,918,945,919,773,717,745,705,715,608,420,354,403,503,806,619,376,321,325,271,313,269,260,257,429,473,431,523,456,378,425,411,775,425,371,446,416,523,518,479,435,483,390,528,496,379,396,341,477,518,444,494,511,493,421
233,경북,영주시,영주시,경북 영주시,59,91,69,73,61,84,60,58,75,68,55,81,59,59,83,71,57,80,76,76,70,112,106,78,84,75,79,50,61,64,39,48,45,48,55,237,143,101,64,46,62,59,52,54,57,67,54,61,54,58,78,69,51,58,46,43,50,53,48,248,46,54,76,65,62,39,55,63
234,경북,영천시,영천시,경북 영천시,121,92,62,69,77,87,98,64,66,83,81,126,128,102,189,116,121,90,81,96,107,109,123,120,94,131,134,109,115,86,78,60,73,87,69,49,51,76,95,79,73,81,66,64,84,67,59,71,81,73,98,107,81,71,73,77,70,104,74,81,66,107,96,76,90,114,86,54
235,경북,상주시,상주시,경북 상주시,56,84,46,38,54,55,80,59,54,55,45,70,59,61,75,55,60,50,51,60,56,73,76,53,63,51,61,50,57,45,48,34,44,39,37,33,34,48,37,49,53,47,38,49,39,57,45,32,57,44,57,49,47,26,38,47,40,31,35,40,36,41,43,46,42,38,27,30
236,경북,문경시,문경시,경북 문경시,38,27,27,22,32,28,38,21,34,39,28,32,39,34,51,51,26,41,43,32,26,36,32,37,25,38,37,27,27,17,19,37,23,29,26,31,11,29,41,33,21,26,44,30,27,27,37,18,37,39,29,29,20,22,20,31,38,43,28,22,24,20,33,29,25,32,23,17
237,경북,경산시,경산시,경북 경산시,370,375,265,238,270,358,455,354,456,424,649,867,439,439,590,434,431,338,330,348,348,354,297,233,234,217,256,230,286,193,152,186,152,143,166,112,108,216,203,196,214,239,234,234,220,255,241,161,230,190,271,236,235,494,226,241,217,275,219,201,175,274,219,247,225,248,276,211
238,경북,(구)군위군,(구)군위군,경북 (구)군위군,4,2,3,3,4,3,3,1,8,1,5,1,0,2,0,2,1,0,2,2,0,3,5,1,1,4,1,2,3,0,1,0,0,0,0,0,0,0,2,1,1,2,,,,,,,,,,,,,,,,,,,,,,,,,,
239,경북,의성군,의성군,경북 의성군,18,14,8,9,7,11,7,6,12,11,8,9,12,9,10,8,4,3,7,8,6,10,11,7,4,7,5,9,4,16,4,5,8,9,7,4,7,11,6,8,5,3,7,5,9,4,7,6,5,6,6,3,11,2,6,7,2,9,10,2,7,7,6,10,10,7,12,6
240,경북,청송군,청송군,경북 청송군,6,8,4,7,5,6,4,2,3,2,4,7,12,2,4,10,4,6,2,2,4,1,5,7,0,4,8,4,3,8,1,2,3,1,2,2,3,1,4,5,3,2,2,3,3,2,5,6,1,3,2,4,2,3,0,1,3,4,5,2,4,2,2,1,1,4,1,1
241,경북,영양군,영양군,경북 영양군,0,1,2,4,3,2,0,2,0,5,3,3,2,2,0,1,0,1,1,1,0,0,0,0,0,3,1,0,1,2,1,0,0,1,0,0,0,0,0,0,0,0,1,0,0,2,1,1,1,1,2,1,0,0,1,2,1,0,2,1,0,1,0,1,0,1,0,0
242,경북,영덕군,영덕군,경북 영덕군,8,9,11,8,9,10,8,6,12,6,10,12,6,16,11,12,7,8,7,9,8,9,8,8,6,9,7,10,12,4,7,3,6,5,3,6,0,5,3,5,4,9,5,8,3,6,12,11,7,4,5,10,5,4,9,4,3,7,7,5,4,6,7,6,6,8,14,3
243,경북,청도군,청도군,경북 청도군,9,14,13,13,2,16,12,9,8,14,8,17,14,24,12,13,22,18,14,21,12,9,24,21,10,12,6,9,8,18,11,12,5,9,13,8,6,15,10,8,14,9,11,8,9,14,12,6,10,13,9,10,8,10,4,17,9,9,13,12,9,3,12,4,9,3,8,3
244,경북,고령군,고령군,경북 고령군,8,16,13,13,13,8,23,11,14,12,20,17,20,12,24,17,8,9,8,11,14,15,17,5,9,11,6,8,16,7,9,7,9,5,6,4,5,3,3,3,10,2,5,4,9,7,7,10,10,7,7,13,8,3,9,6,4,6,14,8,7,2,5,10,9,13,6,3
245,경북,성주군,성주군,경북 성주군,18,15,12,7,6,11,11,7,3,4,13,7,7,5,11,7,2,9,5,4,7,4,3,7,2,2,3,3,6,7,7,5,4,2,8,3,4,3,3,1,8,6,4,15,7,11,9,5,6,8,8,4,8,7,7,5,3,4,9,4,3,4,6,4,2,7,9,7
246,경북,칠곡군,칠곡군,경북 칠곡군,80,105,91,90,114,133,146,143,160,163,176,262,183,183,259,185,179,180,168,195,131,170,150,132,113,112,161,128,123,108,112,94,85,99,75,59,55,92,122,90,109,100,101,91,80,97,109,91,99,93,101,98,119,90,81,92,88,123,95,71,58,80,111,101,109,108,95,93
247,경북,예천군,예천군,경북 예천군,36,40,23,26,30,26,41,37,45,37,37,85,97,112,133,66,88,94,80,73,63,53,42,45,36,31,33,38,39,33,27,24,15,20,16,19,32,42,27,24,37,41,38,39,47,39,59,42,49,39,51,48,39,42,48,43,36,37,34,39,24,35,27,31,46,53,53,33
248,경북,봉화군,봉화군,경북 봉화군,0,5,9,3,7,11,5,5,6,5,3,5,6,7,13,10,8,6,3,4,6,5,5,8,6,8,8,7,1,5,7,2,4,3,3,3,4,4,5,5,3,4,4,9,3,3,5,8,9,6,5,6,6,5,3,2,5,6,2,9,4,2,6,8,3,6,2,3
249,경북,울진군,울진군,경북 울진군,23,23,12,25,19,16,16,19,21,16,25,22,26,12,24,17,19,25,23,23,11,17,19,7,21,14,21,16,13,10,11,10,14,10,11,5,13,10,11,13,18,43,6,7,21,14,13,6,12,17,19,19,22,31,21,13,12,32,24,26,27,26,16,17,14,11,19,6
250,경북,울릉군,울릉군,경북 울릉군,0,1,1,1,2,1,0,1,0,0,0,2,0,0,0,0,0,0,0,0,1,0,0,0,0,0,0,0,0,0,0,0,1,0,2,0,1,0,0,0,0,0,0,0,0,0,1,1,1,1,0,1,0,0,0,1,0,1,0,0,1,0,0,0,0,0,0,1
251,경남,경남,경남,경남,"3,973","4,205","3,621","2,703","4,017","5,314","6,079","3,261","3,517","4,322","8,541","8,682","4,650","3,741","4,921","4,565","5,054","5,087","4,988","5,733","6,406","5,380","4,731","3,490","2,776","3,203","3,734","4,089","3,837","2,956","2,227","1,961","1,789","1,894","1,885","1,680","1,427","2,403","2,909","2,469","2,888","2,735","2,553","2,799","2,638","2,796","2,838","2,108","2,650","2,515","3,137","3,160","2,961","2,567","2,968","2,676","2,470","3,148","2,681","2,550","2,267","2,883","3,262","3,169","3,193","3,161","3,065","2,343"
252,경남,창원시,창원시,경남 창원시,"1,583","1,602","1,223",828,"1,012","2,249","2,577","1,059","1,254","1,705","3,453","2,643",981,874,"1,164","1,361","1,602","1,524","1,474","1,744","1,715","1,765","1,661","1,114",876,"1,052","1,321","1,321","1,067",853,655,602,536,603,522,475,454,855,"1,011",751,957,946,848,950,896,913,862,613,832,753,895,957,946,794,991,851,762,983,861,812,674,890,922,961,956,"1,074","1,030",795
253,경남,창원시,의창구,경남 창원시 의창구,325,292,239,145,198,508,602,229,248,346,646,535,144,103,154,141,161,131,143,185,312,319,256,146,117,134,142,132,131,110,104,90,96,94,89,64,70,141,175,116,132,148,122,166,146,129,130,102,136,119,162,155,146,152,145,157,117,170,145,132,104,127,142,123,123,161,171,127
254,경남,창원시,성산구,경남 창원시 성산구,545,589,385,245,279,754,949,297,374,598,"1,552",799,120,191,243,386,554,564,570,537,573,498,399,321,205,317,386,397,317,205,158,152,160,173,151,161,170,320,353,250,358,352,287,349,320,254,256,193,246,240,221,287,321,232,319,261,274,261,256,259,198,258,293,348,405,423,416,301
255,경남,창원시,마산합포구,경남 창원시 마산합포구,150,174,163,97,141,349,411,148,144,155,224,374,261,193,288,309,328,275,272,303,256,391,338,213,149,168,242,191,179,156,136,114,75,116,77,94,78,147,164,135,173,154,161,143,134,157,155,100,129,123,151,198,164,140,208,173,151,190,169,150,114,170,162,149,148,146,145,126
256,경남,창원시,마산회원구,경남 창원시 마산회원구,273,349,254,159,208,373,303,194,179,374,429,342,219,194,230,221,250,340,246,367,239,246,377,232,175,172,212,272,182,162,117,118,107,108,101,79,68,133,178,134,154,148,133,128,128,138,162,114,165,123,186,153,154,134,152,131,103,184,140,126,112,167,165,178,134,176,147,110
257,경남,창원시,진해구,경남 창원시 진해구,290,198,182,182,186,265,312,191,309,232,602,593,237,193,249,304,309,214,243,352,335,311,291,202,230,261,339,329,258,220,140,128,98,112,104,77,68,114,141,116,140,144,145,164,168,235,159,104,156,148,175,164,161,136,167,129,117,178,151,145,146,168,160,163,146,168,151,131
258,경남,진주시,진주시,경남 진주시,483,441,405,280,325,545,557,387,441,500,865,"1,156",813,579,701,507,582,507,534,570,566,593,548,434,376,397,448,459,388,335,271,233,208,227,198,184,150,293,360,333,316,398,338,315,299,340,292,285,330,490,436,483,420,347,451,393,344,430,380,338,349,377,421,379,373,389,331,265
259,경남,통영시,통영시,경남 통영시,117,174,137,114,97,143,125,120,124,134,162,229,177,175,226,175,161,142,132,129,112,127,139,124,100,116,147,151,146,100,93,85,63,72,65,49,43,90,94,106,106,66,82,91,90,97,97,78,104,80,110,100,79,100,77,85,64,96,72,63,78,86,128,101,95,93,71,73
260,경남,사천시,사천시,경남 사천시,80,83,84,88,87,91,125,97,121,81,110,136,157,119,172,144,139,149,168,193,161,165,178,167,150,141,152,208,212,166,109,96,111,92,109,82,66,89,102,88,106,71,81,94,88,92,78,71,114,86,122,139,109,99,98,102,86,100,95,82,115,116,104,105,107,116,112,69
261,경남,김해시,김해시,경남 김해시,757,731,649,507,"1,546",837,818,536,597,764,"1,806","1,875",914,692,981,873,"1,024","1,228","1,062","1,281","1,274",999,786,636,505,593,660,810,726,586,408,301,342,348,357,259,306,492,561,543,657,551,539,586,539,544,570,437,534,486,589,600,572,521,548,554,463,543,475,477,393,591,771,688,812,642,640,476
262,경남,밀양시,밀양시,경남 밀양시,46,56,85,59,56,56,62,77,65,79,67,132,103,80,93,89,98,70,94,88,82,91,101,94,73,83,90,87,87,79,48,61,52,75,81,234,33,77,79,65,72,65,75,92,76,58,68,61,70,66,271,93,92,68,77,60,61,73,62,64,55,62,86,76,67,74,69,46
263,경남,거제시,거제시,경남 거제시,211,261,226,216,217,447,539,191,174,199,366,727,558,385,441,406,435,429,460,739,"1,389",700,396,271,221,241,320,348,479,236,178,136,123,92,149,115,107,145,159,130,154,124,115,135,133,206,318,125,156,132,177,226,209,137,147,128,191,311,266,238,158,223,241,231,225,229,232,212
264,경남,양산시,양산시,경남 양산시,521,581,571,439,511,739,"1,050",613,568,630,"1,478","1,518",754,632,905,766,782,813,811,779,925,729,715,480,326,320,400,492,507,426,326,285,236,263,264,167,188,243,375,341,362,376,348,375,380,381,381,281,348,293,365,407,385,352,416,375,367,434,315,327,284,376,412,452,383,392,449,306
265,경남,의령군,의령군,경남 의령군,3,8,14,8,3,2,4,6,8,5,3,3,0,5,12,6,7,9,4,4,5,11,4,6,6,26,11,8,5,6,5,4,7,6,4,5,2,6,2,2,2,3,4,1,2,3,3,4,7,1,4,3,3,7,5,1,5,4,2,8,9,2,3,5,2,6,2,4
266,경남,함안군,함안군,경남 함안군,36,75,80,29,44,50,59,46,35,63,71,79,50,55,50,60,54,48,45,49,49,48,51,53,56,59,54,51,65,43,32,44,36,25,30,30,22,29,48,31,46,39,31,53,47,38,49,40,35,30,44,38,44,37,35,30,42,53,48,26,29,37,40,39,47,39,38,22
267,경남,창녕군,창녕군,경남 창녕군,25,36,26,29,22,23,36,28,24,32,39,49,33,26,39,50,45,39,34,36,24,35,37,21,17,25,28,41,30,33,27,32,14,29,24,21,10,21,35,24,20,23,15,33,18,15,43,14,29,18,30,18,32,16,23,23,15,27,18,23,16,29,30,28,21,25,20,17
268,경남,고성군,고성군,경남 고성군,14,21,27,23,16,27,28,19,21,17,23,28,24,23,37,20,36,19,24,21,13,33,27,22,13,24,16,30,27,20,18,18,11,13,25,12,9,18,27,13,27,16,11,8,16,26,17,25,17,11,16,12,12,22,22,17,8,13,16,17,10,12,18,39,32,23,14,19
269,경남,남해군,남해군,경남 남해군,9,10,7,7,8,13,12,10,8,35,13,18,9,10,5,8,17,6,9,10,11,6,9,8,5,44,6,4,8,6,5,3,2,6,6,4,5,4,7,5,5,3,4,3,2,6,9,6,3,7,4,6,2,6,6,4,2,4,10,3,1,10,9,9,14,5,6,4
270,경남,하동군,하동군,경남 하동군,6,18,11,11,8,26,11,6,16,11,8,14,14,9,12,18,5,8,10,9,12,14,11,13,9,11,13,10,14,14,8,13,16,6,13,9,4,6,11,4,5,6,3,14,9,13,4,13,12,11,8,15,8,8,8,6,3,12,4,7,12,6,9,8,6,7,7,7
271,경남,산청군,산청군,경남 산청군,7,17,11,5,6,6,10,6,11,5,15,5,3,7,10,12,5,20,8,7,8,5,9,6,9,8,5,7,4,5,7,3,3,3,3,3,5,4,4,2,7,4,6,2,4,6,5,5,4,3,11,12,3,10,8,4,7,6,5,13,18,5,4,1,2,4,1,4
272,경남,함양군,함양군,경남 함양군,8,13,15,15,11,7,12,11,10,13,17,12,11,18,17,12,13,17,10,13,15,11,10,9,2,10,12,21,15,16,8,7,4,7,4,7,6,10,7,8,11,12,13,8,8,8,11,7,14,3,6,7,15,6,14,7,12,12,8,13,18,20,19,9,5,10,6,2
273,경남,거창군,거창군,경남 거창군,62,71,42,35,42,39,38,37,28,42,40,49,41,43,44,54,43,50,89,46,36,41,43,26,27,43,45,34,42,27,22,28,20,19,20,21,13,16,21,17,25,23,34,33,28,47,26,33,35,37,43,43,28,27,39,31,32,39,43,35,44,37,39,33,38,30,30,20
274,경남,합천군,합천군,경남 합천군,5,7,8,10,6,14,16,12,12,7,5,9,8,9,12,4,6,9,20,15,9,7,6,6,5,10,6,7,15,5,7,10,5,8,11,3,4,5,6,6,10,9,6,6,3,3,5,10,6,8,6,1,2,10,3,5,6,8,1,4,4,4,6,5,8,3,7,2
275,제주,제주,제주,제주,358,323,274,193,202,353,371,261,269,319,495,733,467,452,421,397,402,642,369,362,294,330,329,238,289,251,357,275,297,247,189,363,250,157,166,165,120,166,183,178,205,218,178,205,194,183,258,189,212,208,177,212,188,185,212,231,171,296,232,220,157,216,220,226,236,224,204,180
276,제주,제주시,제주시,제주 제주시,260,234,201,133,144,217,275,202,208,230,362,551,327,311,285,275,309,510,256,249,218,251,234,154,194,158,253,207,207,157,132,317,211,112,116,123,74,124,107,120,151,160,125,144,144,137,179,143,148,139,128,149,130,115,147,155,127,184,178,176,118,170,170,161,160,176,149,126
277,제주,서귀포시,서귀포시,제주 서귀포시,98,89,73,60,58,136,96,59,61,89,133,182,140,141,136,122,93,132,113,113,76,79,95,84,95,93,104,68,90,90,57,46,39,45,50,42,46,42,76,58,54,58,53,61,50,46,79,46,64,69,49,63,58,70,65,76,44,112,54,44,39,46,50,65,76,48,55,54
